num_rows,num_columns,num_partitions,num_writers,num_write_batches,file_size_target_kb,partition_skew,config_id,expected_file_count
10000,5,1,1,1,8,uniform,6c3820ee,1
10000,5,1,1,1,8,zipf,ad611fdd,1
10000,5,1,1,1,128,uniform,2c87af15,1
10000,5,1,1,1,128,zipf,0cadf9c6,1
10000,5,1,1,1,512,uniform,6541e9d7,1
10000,5,1,1,1,512,zipf,d457bb91,1
10000,5,1,1,1,2048,uniform,65b32e13,1
10000,5,1,1,1,2048,zipf,42886794,1
10000,5,1,1,1,4096,uniform,2c80a45d,1
10000,5,1,1,1,4096,zipf,d4dac8e8,1
10000,5,1,1,1,8192,uniform,d5ed42b9,1
10000,5,1,1,1,8192,zipf,eccf1f05,1
10000,5,1,1,1,16384,uniform,33738835,1
10000,5,1,1,1,16384,zipf,11c81365,1
10000,5,1,1,1,24576,uniform,ba8f08e3,1
10000,5,1,1,1,24576,zipf,3bdb98ac,1
10000,5,1,1,1,32768,uniform,50e848c1,1
10000,5,1,1,1,32768,zipf,3b08aa16,1
10000,5,1,1,1,65536,uniform,f609f9ec,1
10000,5,1,1,1,65536,zipf,90e0a482,1
10000,5,1,1,1,131072,uniform,30ccf036,1
10000,5,1,1,1,131072,zipf,afdcd3da,1
10000,5,1,1,5,8,uniform,7d092f39,5
10000,5,1,1,5,8,zipf,e5f434d1,5
10000,5,1,1,5,128,uniform,36b8aeb9,5
10000,5,1,1,5,128,zipf,b31dddf1,5
10000,5,1,1,5,512,uniform,6b5e504b,5
10000,5,1,1,5,512,zipf,6c46095f,5
10000,5,1,1,5,2048,uniform,f0cdd588,5
10000,5,1,1,5,2048,zipf,3205b82b,5
10000,5,1,1,5,4096,uniform,c542c389,5
10000,5,1,1,5,4096,zipf,d830b2bc,5
10000,5,1,1,5,8192,uniform,35d1291a,5
10000,5,1,1,5,8192,zipf,5d9dd6ae,5
10000,5,1,1,5,16384,uniform,7d8217c0,5
10000,5,1,1,5,16384,zipf,55ace0d3,5
10000,5,1,1,5,24576,uniform,f8928e04,5
10000,5,1,1,5,24576,zipf,1b2eced3,5
10000,5,1,1,5,32768,uniform,27d5cf23,5
10000,5,1,1,5,32768,zipf,547d9f47,5
10000,5,1,1,5,65536,uniform,4e8f9f8e,5
10000,5,1,1,5,65536,zipf,b8b194ad,5
10000,5,1,1,5,131072,uniform,d4908a2f,5
10000,5,1,1,5,131072,zipf,91b945ee,5
10000,5,1,1,20,8,uniform,b325b30f,20
10000,5,1,1,20,8,zipf,04cb5776,20
10000,5,1,1,20,128,uniform,41118b4f,20
10000,5,1,1,20,128,zipf,270a67e4,20
10000,5,1,1,20,512,uniform,e939b1c1,20
10000,5,1,1,20,512,zipf,fd5d67cd,20
10000,5,1,1,20,2048,uniform,7c1753bf,20
10000,5,1,1,20,2048,zipf,fdec0c52,20
10000,5,1,1,20,4096,uniform,dd6079bf,20
10000,5,1,1,20,4096,zipf,26204e5b,20
10000,5,1,1,20,8192,uniform,023a5b98,20
10000,5,1,1,20,8192,zipf,afbd02c1,20
10000,5,1,1,20,16384,uniform,1f50fea5,20
10000,5,1,1,20,16384,zipf,b241f8fc,20
10000,5,1,1,20,24576,uniform,6df7559b,20
10000,5,1,1,20,24576,zipf,bce88201,20
10000,5,1,1,20,32768,uniform,89de4b35,20
10000,5,1,1,20,32768,zipf,4894d6d9,20
10000,5,1,1,20,65536,uniform,1603ba2a,20
10000,5,1,1,20,65536,zipf,3d962ca6,20
10000,5,1,1,20,131072,uniform,7e48666b,20
10000,5,1,1,20,131072,zipf,7bdcfed3,20
10000,5,1,5,1,8,uniform,76337316,5
10000,5,1,5,1,8,zipf,4af07b38,5
10000,5,1,5,1,128,uniform,be075c5c,5
10000,5,1,5,1,128,zipf,7c4564d5,5
10000,5,1,5,1,512,uniform,622f2545,5
10000,5,1,5,1,512,zipf,cfa503ba,5
10000,5,1,5,1,2048,uniform,60606029,5
10000,5,1,5,1,2048,zipf,641d6b9d,5
10000,5,1,5,1,4096,uniform,e037cb92,5
10000,5,1,5,1,4096,zipf,92415bd8,5
10000,5,1,5,1,8192,uniform,711d8685,5
10000,5,1,5,1,8192,zipf,2e7697c5,5
10000,5,1,5,1,16384,uniform,36396db4,5
10000,5,1,5,1,16384,zipf,7af55fa5,5
10000,5,1,5,1,24576,uniform,89f9977b,5
10000,5,1,5,1,24576,zipf,56d8a38d,5
10000,5,1,5,1,32768,uniform,c01e09ee,5
10000,5,1,5,1,32768,zipf,cac92f1d,5
10000,5,1,5,1,65536,uniform,da450ee0,5
10000,5,1,5,1,65536,zipf,ff0a287b,5
10000,5,1,5,1,131072,uniform,fa41bf82,5
10000,5,1,5,1,131072,zipf,b686c79a,5
10000,5,1,5,5,8,uniform,55a6e8c7,25
10000,5,1,5,5,8,zipf,5779e9cd,25
10000,5,1,5,5,128,uniform,0b222106,25
10000,5,1,5,5,128,zipf,4cbb5a8c,25
10000,5,1,5,5,512,uniform,c40f201d,25
10000,5,1,5,5,512,zipf,612d888f,25
10000,5,1,5,5,2048,uniform,7bb4bc45,25
10000,5,1,5,5,2048,zipf,ca52f2ec,25
10000,5,1,5,5,4096,uniform,a40a10e2,25
10000,5,1,5,5,4096,zipf,89b28757,25
10000,5,1,5,5,8192,uniform,1492f4d1,25
10000,5,1,5,5,8192,zipf,e480f134,25
10000,5,1,5,5,16384,uniform,813ee5d0,25
10000,5,1,5,5,16384,zipf,d548143e,25
10000,5,1,5,5,24576,uniform,c90f3142,25
10000,5,1,5,5,24576,zipf,49c872e4,25
10000,5,1,5,5,32768,uniform,727e4e47,25
10000,5,1,5,5,32768,zipf,6a8c3cd4,25
10000,5,1,5,5,65536,uniform,106b4d67,25
10000,5,1,5,5,65536,zipf,e9109dde,25
10000,5,1,5,5,131072,uniform,377dd6d2,25
10000,5,1,5,5,131072,zipf,bf7ba8f8,25
10000,5,1,5,20,8,uniform,7a00c254,100
10000,5,1,5,20,8,zipf,1c33d16a,100
10000,5,1,5,20,128,uniform,8d088245,100
10000,5,1,5,20,128,zipf,63efc96a,100
10000,5,1,5,20,512,uniform,2179785b,100
10000,5,1,5,20,512,zipf,919870e0,100
10000,5,1,5,20,2048,uniform,9eeb1d6e,100
10000,5,1,5,20,2048,zipf,27cddf4f,100
10000,5,1,5,20,4096,uniform,910aaa6f,100
10000,5,1,5,20,4096,zipf,6c02059c,100
10000,5,1,5,20,8192,uniform,eeeda57c,100
10000,5,1,5,20,8192,zipf,1d1bbbf3,100
10000,5,1,5,20,16384,uniform,d5f2572f,100
10000,5,1,5,20,16384,zipf,0a8c5d65,100
10000,5,1,5,20,24576,uniform,ab43f4f9,100
10000,5,1,5,20,24576,zipf,670b9790,100
10000,5,1,5,20,32768,uniform,a1338b27,100
10000,5,1,5,20,32768,zipf,628eddc1,100
10000,5,1,5,20,65536,uniform,27240c11,100
10000,5,1,5,20,65536,zipf,d3bdeb32,100
10000,5,1,5,20,131072,uniform,f77b0d4a,100
10000,5,1,5,20,131072,zipf,c951eaf6,100
10000,5,10,1,1,8,uniform,a843ed45,10
10000,5,10,1,1,8,zipf,bc8c5e6c,10
10000,5,10,1,1,128,uniform,cc5f49a9,10
10000,5,10,1,1,128,zipf,c48d9fec,10
10000,5,10,1,1,512,uniform,00d31496,10
10000,5,10,1,1,512,zipf,9bc41cc4,10
10000,5,10,1,1,2048,uniform,112d73fb,10
10000,5,10,1,1,2048,zipf,658d0ae6,10
10000,5,10,1,1,4096,uniform,2296a90b,10
10000,5,10,1,1,4096,zipf,b989ba8b,10
10000,5,10,1,1,8192,uniform,fc41a89d,10
10000,5,10,1,1,8192,zipf,493d1fc7,10
10000,5,10,1,1,16384,uniform,098f06bc,10
10000,5,10,1,1,16384,zipf,a7a0d0f2,10
10000,5,10,1,1,24576,uniform,44781a11,10
10000,5,10,1,1,24576,zipf,5325dfdf,10
10000,5,10,1,1,32768,uniform,c49b6bd1,10
10000,5,10,1,1,32768,zipf,43e6bfc4,10
10000,5,10,1,1,65536,uniform,e40be569,10
10000,5,10,1,1,65536,zipf,0f1cf8d2,10
10000,5,10,1,1,131072,uniform,85667672,10
10000,5,10,1,1,131072,zipf,c6da9967,10
10000,5,10,1,5,8,uniform,fc307e1e,50
10000,5,10,1,5,8,zipf,6d5e8638,50
10000,5,10,1,5,128,uniform,924aee2c,50
10000,5,10,1,5,128,zipf,c8057bfe,50
10000,5,10,1,5,512,uniform,7ae0ca75,50
10000,5,10,1,5,512,zipf,3e1580c9,50
10000,5,10,1,5,2048,uniform,15799a6a,50
10000,5,10,1,5,2048,zipf,bc452a05,50
10000,5,10,1,5,4096,uniform,a34658f7,50
10000,5,10,1,5,4096,zipf,27cc4c5a,50
10000,5,10,1,5,8192,uniform,c1accbe1,50
10000,5,10,1,5,8192,zipf,c3304aca,50
10000,5,10,1,5,16384,uniform,891b92fb,50
10000,5,10,1,5,16384,zipf,be3c845c,50
10000,5,10,1,5,24576,uniform,60e5670a,50
10000,5,10,1,5,24576,zipf,d1ce1133,50
10000,5,10,1,5,32768,uniform,c33e10e9,50
10000,5,10,1,5,32768,zipf,4cfcb5aa,50
10000,5,10,1,5,65536,uniform,f36738c9,50
10000,5,10,1,5,65536,zipf,e5e68aed,50
10000,5,10,1,5,131072,uniform,b08901d8,50
10000,5,10,1,5,131072,zipf,dbaa5887,50
10000,5,10,1,20,8,uniform,3bd328f5,200
10000,5,10,1,20,8,zipf,0e03c052,200
10000,5,10,1,20,128,uniform,ebde28cb,200
10000,5,10,1,20,128,zipf,e6023c9d,200
10000,5,10,1,20,512,uniform,155dc817,200
10000,5,10,1,20,512,zipf,ad54cae3,200
10000,5,10,1,20,2048,uniform,95ee7153,200
10000,5,10,1,20,2048,zipf,23f8ff2a,200
10000,5,10,1,20,4096,uniform,514ba35c,200
10000,5,10,1,20,4096,zipf,33fa4585,200
10000,5,10,1,20,8192,uniform,9ff96364,200
10000,5,10,1,20,8192,zipf,ee5e4955,200
10000,5,10,1,20,16384,uniform,6098dc4e,200
10000,5,10,1,20,16384,zipf,651eca7a,200
10000,5,10,1,20,24576,uniform,99beadf5,200
10000,5,10,1,20,24576,zipf,a0aeb27c,200
10000,5,10,1,20,32768,uniform,99db65a3,200
10000,5,10,1,20,32768,zipf,73e2fa27,200
10000,5,10,1,20,65536,uniform,91e70fd7,200
10000,5,10,1,20,65536,zipf,e319a7af,200
10000,5,10,1,20,131072,uniform,5da92fc0,200
10000,5,10,1,20,131072,zipf,4c4a4fb3,200
10000,5,10,5,1,8,uniform,114c5783,50
10000,5,10,5,1,8,zipf,427d0809,50
10000,5,10,5,1,128,uniform,3231e5f7,50
10000,5,10,5,1,128,zipf,431e3a4e,50
10000,5,10,5,1,512,uniform,e195d503,50
10000,5,10,5,1,512,zipf,7ac04316,50
10000,5,10,5,1,2048,uniform,c0543d05,50
10000,5,10,5,1,2048,zipf,5b827b07,50
10000,5,10,5,1,4096,uniform,81fffb92,50
10000,5,10,5,1,4096,zipf,fc279619,50
10000,5,10,5,1,8192,uniform,5d825bb2,50
10000,5,10,5,1,8192,zipf,b8e6133d,50
10000,5,10,5,1,16384,uniform,93c677af,50
10000,5,10,5,1,16384,zipf,61fc87aa,50
10000,5,10,5,1,24576,uniform,8e59c616,50
10000,5,10,5,1,24576,zipf,51339558,50
10000,5,10,5,1,32768,uniform,5316ca75,50
10000,5,10,5,1,32768,zipf,10c1809a,50
10000,5,10,5,1,65536,uniform,0a8fb455,50
10000,5,10,5,1,65536,zipf,f6e66377,50
10000,5,10,5,1,131072,uniform,19c91782,50
10000,5,10,5,1,131072,zipf,2d819db8,50
10000,5,10,5,5,8,uniform,c868198d,250
10000,5,10,5,5,8,zipf,97846d61,250
10000,5,10,5,5,128,uniform,59768d6e,250
10000,5,10,5,5,128,zipf,6238476b,250
10000,5,10,5,5,512,uniform,0d4959e0,250
10000,5,10,5,5,512,zipf,0bb092ec,250
10000,5,10,5,5,2048,uniform,3c9cbd3e,250
10000,5,10,5,5,2048,zipf,74ce75ec,250
10000,5,10,5,5,4096,uniform,2a7a3058,250
10000,5,10,5,5,4096,zipf,65775415,250
10000,5,10,5,5,8192,uniform,7c6fd855,250
10000,5,10,5,5,8192,zipf,23eb12cc,250
10000,5,10,5,5,16384,uniform,e16e3f95,250
10000,5,10,5,5,16384,zipf,b97a126f,250
10000,5,10,5,5,24576,uniform,8188b60e,250
10000,5,10,5,5,24576,zipf,faa921e5,250
10000,5,10,5,5,32768,uniform,b1934075,250
10000,5,10,5,5,32768,zipf,98633cab,250
10000,5,10,5,5,65536,uniform,07b0fc9d,250
10000,5,10,5,5,65536,zipf,e904f3d7,250
10000,5,10,5,5,131072,uniform,6d951365,250
10000,5,10,5,5,131072,zipf,ec22da09,250
10000,5,10,5,20,8,uniform,a2ab5603,1000
10000,5,10,5,20,8,zipf,15459ac0,1000
10000,5,10,5,20,128,uniform,1730ab03,1000
10000,5,10,5,20,128,zipf,ebf3c71e,1000
10000,5,10,5,20,512,uniform,ba0ba439,1000
10000,5,10,5,20,512,zipf,d9ea8916,1000
10000,5,10,5,20,2048,uniform,f1404f31,1000
10000,5,10,5,20,2048,zipf,3ad635e8,1000
10000,5,10,5,20,4096,uniform,c38fb570,1000
10000,5,10,5,20,4096,zipf,a111844a,1000
10000,5,10,5,20,8192,uniform,15d9d081,1000
10000,5,10,5,20,8192,zipf,5981686a,1000
10000,5,10,5,20,16384,uniform,45715553,1000
10000,5,10,5,20,16384,zipf,342cc980,1000
10000,5,10,5,20,24576,uniform,576c2e48,1000
10000,5,10,5,20,24576,zipf,8061e5be,1000
10000,5,10,5,20,32768,uniform,fc7a58a2,1000
10000,5,10,5,20,32768,zipf,3bf175d9,1000
10000,5,10,5,20,65536,uniform,3c888d91,1000
10000,5,10,5,20,65536,zipf,ec415ce0,1000
10000,5,10,5,20,131072,uniform,07afa573,1000
10000,5,10,5,20,131072,zipf,f57229d5,1000
10000,5,100,1,1,8,uniform,93a61e88,100
10000,5,100,1,1,8,zipf,827985f8,100
10000,5,100,1,1,128,uniform,1a04f562,100
10000,5,100,1,1,128,zipf,bf844e53,100
10000,5,100,1,1,512,uniform,e3abfb50,100
10000,5,100,1,1,512,zipf,354e23e0,100
10000,5,100,1,1,2048,uniform,4725e654,100
10000,5,100,1,1,2048,zipf,ac23e6a0,100
10000,5,100,1,1,4096,uniform,b966f028,100
10000,5,100,1,1,4096,zipf,01d14aaf,100
10000,5,100,1,1,8192,uniform,101eca91,100
10000,5,100,1,1,8192,zipf,b4f89e9b,100
10000,5,100,1,1,16384,uniform,b233a6d5,100
10000,5,100,1,1,16384,zipf,4aaa917c,100
10000,5,100,1,1,24576,uniform,812586b6,100
10000,5,100,1,1,24576,zipf,d2e5d29f,100
10000,5,100,1,1,32768,uniform,12626512,100
10000,5,100,1,1,32768,zipf,e72bea1b,100
10000,5,100,1,1,65536,uniform,74ee5e1f,100
10000,5,100,1,1,65536,zipf,e32a734e,100
10000,5,100,1,1,131072,uniform,c518be2a,100
10000,5,100,1,1,131072,zipf,d38b1934,100
10000,5,100,1,5,8,uniform,fc58b3fd,500
10000,5,100,1,5,8,zipf,468f41a0,500
10000,5,100,1,5,128,uniform,d1128cec,500
10000,5,100,1,5,128,zipf,4e0d5bbf,500
10000,5,100,1,5,512,uniform,066c0fb0,500
10000,5,100,1,5,512,zipf,2a80c62e,500
10000,5,100,1,5,2048,uniform,c5428962,500
10000,5,100,1,5,2048,zipf,dab5cf1c,500
10000,5,100,1,5,4096,uniform,061d8d89,500
10000,5,100,1,5,4096,zipf,483bbe1b,500
10000,5,100,1,5,8192,uniform,8c7b5293,500
10000,5,100,1,5,8192,zipf,5bf23184,500
10000,5,100,1,5,16384,uniform,3486a511,500
10000,5,100,1,5,16384,zipf,c42cbe15,500
10000,5,100,1,5,24576,uniform,348d5c74,500
10000,5,100,1,5,24576,zipf,7e144b4a,500
10000,5,100,1,5,32768,uniform,dcb1aabc,500
10000,5,100,1,5,32768,zipf,90e76371,500
10000,5,100,1,5,65536,uniform,8a82e0ea,500
10000,5,100,1,5,65536,zipf,16a8bf7a,500
10000,5,100,1,5,131072,uniform,bfeb43ca,500
10000,5,100,1,5,131072,zipf,6b62cafd,500
10000,5,100,1,20,8,uniform,bbb1441c,2000
10000,5,100,1,20,8,zipf,b610a78e,2000
10000,5,100,1,20,128,uniform,b50ec60a,2000
10000,5,100,1,20,128,zipf,5e34efd4,2000
10000,5,100,1,20,512,uniform,e770198f,2000
10000,5,100,1,20,512,zipf,c8665932,2000
10000,5,100,1,20,2048,uniform,b312f701,2000
10000,5,100,1,20,2048,zipf,e6516756,2000
10000,5,100,1,20,4096,uniform,8e063816,2000
10000,5,100,1,20,4096,zipf,b83fb00a,2000
10000,5,100,1,20,8192,uniform,879045fb,2000
10000,5,100,1,20,8192,zipf,1e1a7c43,2000
10000,5,100,1,20,16384,uniform,e2cf955c,2000
10000,5,100,1,20,16384,zipf,f8baf33d,2000
10000,5,100,1,20,24576,uniform,5291c77c,2000
10000,5,100,1,20,24576,zipf,e582ccce,2000
10000,5,100,1,20,32768,uniform,967a13ee,2000
10000,5,100,1,20,32768,zipf,bbf386c7,2000
10000,5,100,1,20,65536,uniform,a50c1b80,2000
10000,5,100,1,20,65536,zipf,a39506a7,2000
10000,5,100,1,20,131072,uniform,621e7f26,2000
10000,5,100,1,20,131072,zipf,742f7460,2000
10000,5,100,5,1,8,uniform,1c8d5f5b,500
10000,5,100,5,1,8,zipf,68a4d9fa,500
10000,5,100,5,1,128,uniform,916ca949,500
10000,5,100,5,1,128,zipf,79790072,500
10000,5,100,5,1,512,uniform,b0d9be2e,500
10000,5,100,5,1,512,zipf,efd65135,500
10000,5,100,5,1,2048,uniform,0eb950cf,500
10000,5,100,5,1,2048,zipf,7932b758,500
10000,5,100,5,1,4096,uniform,4c2b015f,500
10000,5,100,5,1,4096,zipf,b40ede8e,500
10000,5,100,5,1,8192,uniform,10f1215e,500
10000,5,100,5,1,8192,zipf,a0852fa8,500
10000,5,100,5,1,16384,uniform,44779cc4,500
10000,5,100,5,1,16384,zipf,2829ba01,500
10000,5,100,5,1,24576,uniform,542aeb38,500
10000,5,100,5,1,24576,zipf,2c158c49,500
10000,5,100,5,1,32768,uniform,8e82f490,500
10000,5,100,5,1,32768,zipf,7f6d021a,500
10000,5,100,5,1,65536,uniform,286a9243,500
10000,5,100,5,1,65536,zipf,e83f1f2c,500
10000,5,100,5,1,131072,uniform,78524c12,500
10000,5,100,5,1,131072,zipf,1a431295,500
10000,5,100,5,5,8,uniform,f19eca4f,2500
10000,5,100,5,5,8,zipf,44a75e5d,2500
10000,5,100,5,5,128,uniform,0dbc5988,2500
10000,5,100,5,5,128,zipf,e593af57,2500
10000,5,100,5,5,512,uniform,379b55bd,2500
10000,5,100,5,5,512,zipf,13df9b43,2500
10000,5,100,5,5,2048,uniform,a88b3672,2500
10000,5,100,5,5,2048,zipf,6085252e,2500
10000,5,100,5,5,4096,uniform,9ca4b44b,2500
10000,5,100,5,5,4096,zipf,3a5727ea,2500
10000,5,100,5,5,8192,uniform,95281860,2500
10000,5,100,5,5,8192,zipf,4f1307dd,2500
10000,5,100,5,5,16384,uniform,c5e07051,2500
10000,5,100,5,5,16384,zipf,1d119a90,2500
10000,5,100,5,5,24576,uniform,0bf0bd48,2500
10000,5,100,5,5,24576,zipf,6c260498,2500
10000,5,100,5,5,32768,uniform,08332f8c,2500
10000,5,100,5,5,32768,zipf,017dc660,2500
10000,5,100,5,5,65536,uniform,dfac7d19,2500
10000,5,100,5,5,65536,zipf,1b6333ce,2500
10000,5,100,5,5,131072,uniform,f7a2a6d2,2500
10000,5,100,5,5,131072,zipf,84f4943c,2500
10000,5,100,5,20,8,uniform,735b09b8,10000
10000,5,100,5,20,8,zipf,193cbbbd,10000
10000,5,100,5,20,128,uniform,d010b561,10000
10000,5,100,5,20,128,zipf,f9927cb5,10000
10000,5,100,5,20,512,uniform,29ddb97e,10000
10000,5,100,5,20,512,zipf,6325926a,10000
10000,5,100,5,20,2048,uniform,d533b954,10000
10000,5,100,5,20,2048,zipf,5f0093c2,10000
10000,5,100,5,20,4096,uniform,76b36263,10000
10000,5,100,5,20,4096,zipf,f65d8a46,10000
10000,5,100,5,20,8192,uniform,0fc8fdf4,10000
10000,5,100,5,20,8192,zipf,b22f158a,10000
10000,5,100,5,20,16384,uniform,c1de5021,10000
10000,5,100,5,20,16384,zipf,713ee0a3,10000
10000,5,100,5,20,24576,uniform,a932c383,10000
10000,5,100,5,20,24576,zipf,b04d6d65,10000
10000,5,100,5,20,32768,uniform,d4dcab4c,10000
10000,5,100,5,20,32768,zipf,ddf255cb,10000
10000,5,100,5,20,65536,uniform,27bc5d92,10000
10000,5,100,5,20,65536,zipf,71d1bfa4,10000
10000,5,100,5,20,131072,uniform,c79b3fb8,10000
10000,5,100,5,20,131072,zipf,f02317f0,10000
10000,50,1,1,1,8,uniform,f976cf9c,1
10000,50,1,1,1,8,zipf,4ca9b861,1
10000,50,1,1,1,128,uniform,890197e4,1
10000,50,1,1,1,128,zipf,d5e7af1f,1
10000,50,1,1,1,512,uniform,04677ba3,1
10000,50,1,1,1,512,zipf,2589b884,1
10000,50,1,1,1,2048,uniform,3cc10301,1
10000,50,1,1,1,2048,zipf,9bc3756a,1
10000,50,1,1,1,4096,uniform,d66e890f,1
10000,50,1,1,1,4096,zipf,62ac38a9,1
10000,50,1,1,1,8192,uniform,f2a2a3b6,1
10000,50,1,1,1,8192,zipf,1db963b5,1
10000,50,1,1,1,16384,uniform,3bbeeb7d,1
10000,50,1,1,1,16384,zipf,3764e180,1
10000,50,1,1,1,24576,uniform,87be26fa,1
10000,50,1,1,1,24576,zipf,512a58e9,1
10000,50,1,1,1,32768,uniform,c15466be,1
10000,50,1,1,1,32768,zipf,7eed79bb,1
10000,50,1,1,1,65536,uniform,0937dafd,1
10000,50,1,1,1,65536,zipf,2eeeac76,1
10000,50,1,1,1,131072,uniform,06006b84,1
10000,50,1,1,1,131072,zipf,00d85ad8,1
10000,50,1,1,5,8,uniform,d5416891,5
10000,50,1,1,5,8,zipf,9425d833,5
10000,50,1,1,5,128,uniform,2b42e49d,5
10000,50,1,1,5,128,zipf,fb27957d,5
10000,50,1,1,5,512,uniform,37b46170,5
10000,50,1,1,5,512,zipf,bdfde52b,5
10000,50,1,1,5,2048,uniform,88d54e87,5
10000,50,1,1,5,2048,zipf,097375df,5
10000,50,1,1,5,4096,uniform,81ebbc80,5
10000,50,1,1,5,4096,zipf,72709529,5
10000,50,1,1,5,8192,uniform,ff1d6816,5
10000,50,1,1,5,8192,zipf,4fb6705d,5
10000,50,1,1,5,16384,uniform,cd6ab23b,5
10000,50,1,1,5,16384,zipf,c2a21ee7,5
10000,50,1,1,5,24576,uniform,7735efe8,5
10000,50,1,1,5,24576,zipf,e51b6a24,5
10000,50,1,1,5,32768,uniform,1993207a,5
10000,50,1,1,5,32768,zipf,4ad911ac,5
10000,50,1,1,5,65536,uniform,49110f1e,5
10000,50,1,1,5,65536,zipf,e5f24f6e,5
10000,50,1,1,5,131072,uniform,6c782fc2,5
10000,50,1,1,5,131072,zipf,b4a5bff8,5
10000,50,1,1,20,8,uniform,5a2d601a,20
10000,50,1,1,20,8,zipf,40c4480c,20
10000,50,1,1,20,128,uniform,3ee412d4,20
10000,50,1,1,20,128,zipf,765289dc,20
10000,50,1,1,20,512,uniform,898167c6,20
10000,50,1,1,20,512,zipf,fa9b0e70,20
10000,50,1,1,20,2048,uniform,3fcefe09,20
10000,50,1,1,20,2048,zipf,3dd6b4c3,20
10000,50,1,1,20,4096,uniform,7e155583,20
10000,50,1,1,20,4096,zipf,2c357e64,20
10000,50,1,1,20,8192,uniform,7471f8d9,20
10000,50,1,1,20,8192,zipf,7f388044,20
10000,50,1,1,20,16384,uniform,3a91fcb5,20
10000,50,1,1,20,16384,zipf,7b25d977,20
10000,50,1,1,20,24576,uniform,4280f84c,20
10000,50,1,1,20,24576,zipf,24dbddf2,20
10000,50,1,1,20,32768,uniform,32e7c00d,20
10000,50,1,1,20,32768,zipf,2001bc14,20
10000,50,1,1,20,65536,uniform,2212d0e1,20
10000,50,1,1,20,65536,zipf,77de18f0,20
10000,50,1,1,20,131072,uniform,c64db32f,20
10000,50,1,1,20,131072,zipf,7f2496eb,20
10000,50,1,5,1,8,uniform,1dae74a4,5
10000,50,1,5,1,8,zipf,4c29843d,5
10000,50,1,5,1,128,uniform,638905ed,5
10000,50,1,5,1,128,zipf,01b49da3,5
10000,50,1,5,1,512,uniform,56369ac6,5
10000,50,1,5,1,512,zipf,81e2382b,5
10000,50,1,5,1,2048,uniform,4fdf1bd1,5
10000,50,1,5,1,2048,zipf,0fae11b1,5
10000,50,1,5,1,4096,uniform,6539c710,5
10000,50,1,5,1,4096,zipf,04f47d4a,5
10000,50,1,5,1,8192,uniform,9a2fa6b3,5
10000,50,1,5,1,8192,zipf,1563581f,5
10000,50,1,5,1,16384,uniform,a008f027,5
10000,50,1,5,1,16384,zipf,e19a73e0,5
10000,50,1,5,1,24576,uniform,cd1d60fe,5
10000,50,1,5,1,24576,zipf,348b5574,5
10000,50,1,5,1,32768,uniform,889ea297,5
10000,50,1,5,1,32768,zipf,d6566551,5
10000,50,1,5,1,65536,uniform,2c7bc579,5
10000,50,1,5,1,65536,zipf,98bc787e,5
10000,50,1,5,1,131072,uniform,5a72da30,5
10000,50,1,5,1,131072,zipf,d67cb8a2,5
10000,50,1,5,5,8,uniform,c8e330f8,25
10000,50,1,5,5,8,zipf,a0f3f11e,25
10000,50,1,5,5,128,uniform,854e156c,25
10000,50,1,5,5,128,zipf,1000fec3,25
10000,50,1,5,5,512,uniform,f5bbf506,25
10000,50,1,5,5,512,zipf,25ad4ec7,25
10000,50,1,5,5,2048,uniform,f4499023,25
10000,50,1,5,5,2048,zipf,f4409c56,25
10000,50,1,5,5,4096,uniform,3a874cfb,25
10000,50,1,5,5,4096,zipf,3f4155b3,25
10000,50,1,5,5,8192,uniform,91316f5e,25
10000,50,1,5,5,8192,zipf,0efc47a4,25
10000,50,1,5,5,16384,uniform,6e8936b4,25
10000,50,1,5,5,16384,zipf,b87658a8,25
10000,50,1,5,5,24576,uniform,6ee6352f,25
10000,50,1,5,5,24576,zipf,701f4abf,25
10000,50,1,5,5,32768,uniform,9aceaf4b,25
10000,50,1,5,5,32768,zipf,8ce62df4,25
10000,50,1,5,5,65536,uniform,65dc1a18,25
10000,50,1,5,5,65536,zipf,4eeb8aee,25
10000,50,1,5,5,131072,uniform,ec08cdba,25
10000,50,1,5,5,131072,zipf,070b30ab,25
10000,50,1,5,20,8,uniform,0d71a8c8,100
10000,50,1,5,20,8,zipf,387fd153,100
10000,50,1,5,20,128,uniform,4aad92e9,100
10000,50,1,5,20,128,zipf,7d28135e,100
10000,50,1,5,20,512,uniform,50304a9a,100
10000,50,1,5,20,512,zipf,b26b2006,100
10000,50,1,5,20,2048,uniform,cc55c585,100
10000,50,1,5,20,2048,zipf,5514c239,100
10000,50,1,5,20,4096,uniform,bd1cb9d6,100
10000,50,1,5,20,4096,zipf,d261f8c6,100
10000,50,1,5,20,8192,uniform,062a18e7,100
10000,50,1,5,20,8192,zipf,cf24442a,100
10000,50,1,5,20,16384,uniform,65d5cd05,100
10000,50,1,5,20,16384,zipf,2f23ca29,100
10000,50,1,5,20,24576,uniform,979c0c76,100
10000,50,1,5,20,24576,zipf,99a19b94,100
10000,50,1,5,20,32768,uniform,224c5e61,100
10000,50,1,5,20,32768,zipf,74b3ac2b,100
10000,50,1,5,20,65536,uniform,03c1e2c7,100
10000,50,1,5,20,65536,zipf,f5df565d,100
10000,50,1,5,20,131072,uniform,b0fa37c1,100
10000,50,1,5,20,131072,zipf,9a8439c4,100
10000,50,10,1,1,8,uniform,546a07b0,10
10000,50,10,1,1,8,zipf,d55fd900,10
10000,50,10,1,1,128,uniform,5842a899,10
10000,50,10,1,1,128,zipf,569ed883,10
10000,50,10,1,1,512,uniform,eeae3582,10
10000,50,10,1,1,512,zipf,a0db664b,10
10000,50,10,1,1,2048,uniform,51f8e1b6,10
10000,50,10,1,1,2048,zipf,09809db5,10
10000,50,10,1,1,4096,uniform,3dbead3f,10
10000,50,10,1,1,4096,zipf,4acdf50b,10
10000,50,10,1,1,8192,uniform,540ba6eb,10
10000,50,10,1,1,8192,zipf,635b87bf,10
10000,50,10,1,1,16384,uniform,a884e722,10
10000,50,10,1,1,16384,zipf,8c3e3a84,10
10000,50,10,1,1,24576,uniform,d5e8d43b,10
10000,50,10,1,1,24576,zipf,0558b385,10
10000,50,10,1,1,32768,uniform,9123f921,10
10000,50,10,1,1,32768,zipf,76b94214,10
10000,50,10,1,1,65536,uniform,0b6d3114,10
10000,50,10,1,1,65536,zipf,8ffde9d5,10
10000,50,10,1,1,131072,uniform,ea9be57a,10
10000,50,10,1,1,131072,zipf,a9a21bb7,10
10000,50,10,1,5,8,uniform,de794a5b,50
10000,50,10,1,5,8,zipf,d9ac0209,50
10000,50,10,1,5,128,uniform,4dd6fead,50
10000,50,10,1,5,128,zipf,4d819d37,50
10000,50,10,1,5,512,uniform,1296b9ca,50
10000,50,10,1,5,512,zipf,bf448ee6,50
10000,50,10,1,5,2048,uniform,62cc46fa,50
10000,50,10,1,5,2048,zipf,0a14eb09,50
10000,50,10,1,5,4096,uniform,1a651b41,50
10000,50,10,1,5,4096,zipf,303bb1a6,50
10000,50,10,1,5,8192,uniform,0421e096,50
10000,50,10,1,5,8192,zipf,56b6bde4,50
10000,50,10,1,5,16384,uniform,1883e457,50
10000,50,10,1,5,16384,zipf,90963636,50
10000,50,10,1,5,24576,uniform,698ccff5,50
10000,50,10,1,5,24576,zipf,7d3c8cf9,50
10000,50,10,1,5,32768,uniform,929a8914,50
10000,50,10,1,5,32768,zipf,1d0f86aa,50
10000,50,10,1,5,65536,uniform,f6db6cef,50
10000,50,10,1,5,65536,zipf,995b91d9,50
10000,50,10,1,5,131072,uniform,fe03f998,50
10000,50,10,1,5,131072,zipf,80a6b08e,50
10000,50,10,1,20,8,uniform,fa2c8c12,200
10000,50,10,1,20,8,zipf,1ab6b1af,200
10000,50,10,1,20,128,uniform,1e48b00e,200
10000,50,10,1,20,128,zipf,e6422750,200
10000,50,10,1,20,512,uniform,37227499,200
10000,50,10,1,20,512,zipf,bc90ecaf,200
10000,50,10,1,20,2048,uniform,881dce49,200
10000,50,10,1,20,2048,zipf,22be516e,200
10000,50,10,1,20,4096,uniform,dc230379,200
10000,50,10,1,20,4096,zipf,3aef19fe,200
10000,50,10,1,20,8192,uniform,04d8dbab,200
10000,50,10,1,20,8192,zipf,00fbf17b,200
10000,50,10,1,20,16384,uniform,299c8b26,200
10000,50,10,1,20,16384,zipf,b9b06f5c,200
10000,50,10,1,20,24576,uniform,f7053598,200
10000,50,10,1,20,24576,zipf,64c7456b,200
10000,50,10,1,20,32768,uniform,197cf715,200
10000,50,10,1,20,32768,zipf,e1e8f5d3,200
10000,50,10,1,20,65536,uniform,b6bcf065,200
10000,50,10,1,20,65536,zipf,a4cae858,200
10000,50,10,1,20,131072,uniform,e7aa63ea,200
10000,50,10,1,20,131072,zipf,25171444,200
10000,50,10,5,1,8,uniform,7bcce30e,50
10000,50,10,5,1,8,zipf,5d79f88f,50
10000,50,10,5,1,128,uniform,280aa6d6,50
10000,50,10,5,1,128,zipf,2951972a,50
10000,50,10,5,1,512,uniform,d33cef8b,50
10000,50,10,5,1,512,zipf,a8339a22,50
10000,50,10,5,1,2048,uniform,e2f074a2,50
10000,50,10,5,1,2048,zipf,b3d54d99,50
10000,50,10,5,1,4096,uniform,64301329,50
10000,50,10,5,1,4096,zipf,e67b83c7,50
10000,50,10,5,1,8192,uniform,5daf35c5,50
10000,50,10,5,1,8192,zipf,187fc3e1,50
10000,50,10,5,1,16384,uniform,1be8c4b1,50
10000,50,10,5,1,16384,zipf,7326afc9,50
10000,50,10,5,1,24576,uniform,132cb0b0,50
10000,50,10,5,1,24576,zipf,d310206a,50
10000,50,10,5,1,32768,uniform,7ae81bb6,50
10000,50,10,5,1,32768,zipf,818bfa18,50
10000,50,10,5,1,65536,uniform,d46962a1,50
10000,50,10,5,1,65536,zipf,e46ace8a,50
10000,50,10,5,1,131072,uniform,fe78758c,50
10000,50,10,5,1,131072,zipf,dfc6be4e,50
10000,50,10,5,5,8,uniform,0e97dbbe,250
10000,50,10,5,5,8,zipf,a4d161c0,250
10000,50,10,5,5,128,uniform,659de481,250
10000,50,10,5,5,128,zipf,00c4ed7e,250
10000,50,10,5,5,512,uniform,be1bfda8,250
10000,50,10,5,5,512,zipf,a045a130,250
10000,50,10,5,5,2048,uniform,47544fcf,250
10000,50,10,5,5,2048,zipf,85b3d054,250
10000,50,10,5,5,4096,uniform,00698628,250
10000,50,10,5,5,4096,zipf,c847398f,250
10000,50,10,5,5,8192,uniform,34ff48dc,250
10000,50,10,5,5,8192,zipf,8cb8ea6e,250
10000,50,10,5,5,16384,uniform,dcf5b75b,250
10000,50,10,5,5,16384,zipf,7b29cd31,250
10000,50,10,5,5,24576,uniform,620db224,250
10000,50,10,5,5,24576,zipf,6710e960,250
10000,50,10,5,5,32768,uniform,f03091d6,250
10000,50,10,5,5,32768,zipf,3a266a51,250
10000,50,10,5,5,65536,uniform,5a5c1864,250
10000,50,10,5,5,65536,zipf,ce62474b,250
10000,50,10,5,5,131072,uniform,ef35d09d,250
10000,50,10,5,5,131072,zipf,1de3c615,250
10000,50,10,5,20,8,uniform,bd253e61,1000
10000,50,10,5,20,8,zipf,1f23355d,1000
10000,50,10,5,20,128,uniform,c469c2e4,1000
10000,50,10,5,20,128,zipf,112ae25b,1000
10000,50,10,5,20,512,uniform,e5668c24,1000
10000,50,10,5,20,512,zipf,773a022b,1000
10000,50,10,5,20,2048,uniform,33e7d40c,1000
10000,50,10,5,20,2048,zipf,8c5c1a0e,1000
10000,50,10,5,20,4096,uniform,8df3c305,1000
10000,50,10,5,20,4096,zipf,9c1ec2d0,1000
10000,50,10,5,20,8192,uniform,248b17c8,1000
10000,50,10,5,20,8192,zipf,b093f5c9,1000
10000,50,10,5,20,16384,uniform,c07be8dc,1000
10000,50,10,5,20,16384,zipf,1090d405,1000
10000,50,10,5,20,24576,uniform,51037db2,1000
10000,50,10,5,20,24576,zipf,dd1a0ad0,1000
10000,50,10,5,20,32768,uniform,3dee4b55,1000
10000,50,10,5,20,32768,zipf,90645d4a,1000
10000,50,10,5,20,65536,uniform,4bfb8641,1000
10000,50,10,5,20,65536,zipf,ce18ca27,1000
10000,50,10,5,20,131072,uniform,3335ab75,1000
10000,50,10,5,20,131072,zipf,fffbc446,1000
10000,50,100,1,1,8,uniform,ef502f2a,100
10000,50,100,1,1,8,zipf,bc56578a,100
10000,50,100,1,1,128,uniform,6b03c555,100
10000,50,100,1,1,128,zipf,3ad33d9e,100
10000,50,100,1,1,512,uniform,744bbaa0,100
10000,50,100,1,1,512,zipf,de39ac8b,100
10000,50,100,1,1,2048,uniform,3f603d86,100
10000,50,100,1,1,2048,zipf,5ac475e8,100
10000,50,100,1,1,4096,uniform,a32a6478,100
10000,50,100,1,1,4096,zipf,19d6e87c,100
10000,50,100,1,1,8192,uniform,0b730523,100
10000,50,100,1,1,8192,zipf,9cad5c6d,100
10000,50,100,1,1,16384,uniform,ba6b2976,100
10000,50,100,1,1,16384,zipf,c5942dc6,100
10000,50,100,1,1,24576,uniform,be730d36,100
10000,50,100,1,1,24576,zipf,0fabd163,100
10000,50,100,1,1,32768,uniform,908851fb,100
10000,50,100,1,1,32768,zipf,8c3c382f,100
10000,50,100,1,1,65536,uniform,d1e322c2,100
10000,50,100,1,1,65536,zipf,f8a92f7d,100
10000,50,100,1,1,131072,uniform,74844497,100
10000,50,100,1,1,131072,zipf,a6cc97c7,100
10000,50,100,1,5,8,uniform,c8a28812,500
10000,50,100,1,5,8,zipf,bea39980,500
10000,50,100,1,5,128,uniform,df31c060,500
10000,50,100,1,5,128,zipf,39d88ce6,500
10000,50,100,1,5,512,uniform,d4fbfad7,500
10000,50,100,1,5,512,zipf,4c479f73,500
10000,50,100,1,5,2048,uniform,3cacbb29,500
10000,50,100,1,5,2048,zipf,31ae6a74,500
10000,50,100,1,5,4096,uniform,a346e506,500
10000,50,100,1,5,4096,zipf,4e1fedc8,500
10000,50,100,1,5,8192,uniform,ea9bbaf4,500
10000,50,100,1,5,8192,zipf,f3f66555,500
10000,50,100,1,5,16384,uniform,45591736,500
10000,50,100,1,5,16384,zipf,089fd07b,500
10000,50,100,1,5,24576,uniform,a0f06488,500
10000,50,100,1,5,24576,zipf,ca5826bf,500
10000,50,100,1,5,32768,uniform,2d027a6c,500
10000,50,100,1,5,32768,zipf,35b42d2a,500
10000,50,100,1,5,65536,uniform,e7f9dbd0,500
10000,50,100,1,5,65536,zipf,14aee21f,500
10000,50,100,1,5,131072,uniform,cb2bfded,500
10000,50,100,1,5,131072,zipf,d6af44c6,500
10000,50,100,1,20,8,uniform,400d6f5d,2000
10000,50,100,1,20,8,zipf,fc617729,2000
10000,50,100,1,20,128,uniform,c6a4887e,2000
10000,50,100,1,20,128,zipf,d80d90ac,2000
10000,50,100,1,20,512,uniform,93e352e5,2000
10000,50,100,1,20,512,zipf,5de14561,2000
10000,50,100,1,20,2048,uniform,d5d43477,2000
10000,50,100,1,20,2048,zipf,ff81a8df,2000
10000,50,100,1,20,4096,uniform,67b34b5d,2000
10000,50,100,1,20,4096,zipf,640005f0,2000
10000,50,100,1,20,8192,uniform,b0328c78,2000
10000,50,100,1,20,8192,zipf,628a1325,2000
10000,50,100,1,20,16384,uniform,5cb2c6f7,2000
10000,50,100,1,20,16384,zipf,27fa9ecc,2000
10000,50,100,1,20,24576,uniform,27a377f3,2000
10000,50,100,1,20,24576,zipf,2906d6c6,2000
10000,50,100,1,20,32768,uniform,6a162683,2000
10000,50,100,1,20,32768,zipf,a4443a84,2000
10000,50,100,1,20,65536,uniform,74d69140,2000
10000,50,100,1,20,65536,zipf,d5678d02,2000
10000,50,100,1,20,131072,uniform,84406cbb,2000
10000,50,100,1,20,131072,zipf,2927ed88,2000
10000,50,100,5,1,8,uniform,e1411833,500
10000,50,100,5,1,8,zipf,5fb502d0,500
10000,50,100,5,1,128,uniform,c7e81a6c,500
10000,50,100,5,1,128,zipf,c4122635,500
10000,50,100,5,1,512,uniform,f841a6c1,500
10000,50,100,5,1,512,zipf,cc2490e7,500
10000,50,100,5,1,2048,uniform,64b65052,500
10000,50,100,5,1,2048,zipf,79b082a2,500
10000,50,100,5,1,4096,uniform,4bd39ac1,500
10000,50,100,5,1,4096,zipf,3f2f60d6,500
10000,50,100,5,1,8192,uniform,9d46ab86,500
10000,50,100,5,1,8192,zipf,b41cfb15,500
10000,50,100,5,1,16384,uniform,86e78f4a,500
10000,50,100,5,1,16384,zipf,59431550,500
10000,50,100,5,1,24576,uniform,f792c76d,500
10000,50,100,5,1,24576,zipf,1bda47d8,500
10000,50,100,5,1,32768,uniform,dee7c359,500
10000,50,100,5,1,32768,zipf,7bf2188d,500
10000,50,100,5,1,65536,uniform,b5f5aa97,500
10000,50,100,5,1,65536,zipf,63f9cff5,500
10000,50,100,5,1,131072,uniform,dea140e8,500
10000,50,100,5,1,131072,zipf,cf7579a8,500
10000,50,100,5,5,8,uniform,f16faeb5,2500
10000,50,100,5,5,8,zipf,9d0db881,2500
10000,50,100,5,5,128,uniform,206105e8,2500
10000,50,100,5,5,128,zipf,362fbb0c,2500
10000,50,100,5,5,512,uniform,fe7ffc22,2500
10000,50,100,5,5,512,zipf,33f5dd57,2500
10000,50,100,5,5,2048,uniform,3b7502b5,2500
10000,50,100,5,5,2048,zipf,f84358ec,2500
10000,50,100,5,5,4096,uniform,0645589e,2500
10000,50,100,5,5,4096,zipf,6ebffd5d,2500
10000,50,100,5,5,8192,uniform,b64466bc,2500
10000,50,100,5,5,8192,zipf,8ecee51f,2500
10000,50,100,5,5,16384,uniform,add28090,2500
10000,50,100,5,5,16384,zipf,8afeb07b,2500
10000,50,100,5,5,24576,uniform,1c419fcc,2500
10000,50,100,5,5,24576,zipf,f99bb852,2500
10000,50,100,5,5,32768,uniform,84db437d,2500
10000,50,100,5,5,32768,zipf,9615b977,2500
10000,50,100,5,5,65536,uniform,9ec7c000,2500
10000,50,100,5,5,65536,zipf,61992ca5,2500
10000,50,100,5,5,131072,uniform,8c7d0134,2500
10000,50,100,5,5,131072,zipf,23d756a0,2500
10000,50,100,5,20,8,uniform,e4a38ade,10000
10000,50,100,5,20,8,zipf,a96845ca,10000
10000,50,100,5,20,128,uniform,09fcb09e,10000
10000,50,100,5,20,128,zipf,92925cbb,10000
10000,50,100,5,20,512,uniform,cd00c8e7,10000
10000,50,100,5,20,512,zipf,5adade50,10000
10000,50,100,5,20,2048,uniform,bb487a05,10000
10000,50,100,5,20,2048,zipf,062bbc62,10000
10000,50,100,5,20,4096,uniform,7aed80a5,10000
10000,50,100,5,20,4096,zipf,5fd8dfa3,10000
10000,50,100,5,20,8192,uniform,8d4c7298,10000
10000,50,100,5,20,8192,zipf,4d1a7887,10000
10000,50,100,5,20,16384,uniform,a7fc252a,10000
10000,50,100,5,20,16384,zipf,fdb417e0,10000
10000,50,100,5,20,24576,uniform,00bfe7a8,10000
10000,50,100,5,20,24576,zipf,a48b5259,10000
10000,50,100,5,20,32768,uniform,a21851be,10000
10000,50,100,5,20,32768,zipf,5521fb15,10000
10000,50,100,5,20,65536,uniform,afc916e6,10000
10000,50,100,5,20,65536,zipf,bbff22fe,10000
10000,50,100,5,20,131072,uniform,70c76c1e,10000
10000,50,100,5,20,131072,zipf,c4fe5585,10000
100000,5,1,1,1,8,uniform,5449ef22,1
100000,5,1,1,1,8,zipf,9803a9fb,1
100000,5,1,1,1,128,uniform,aac044ed,1
100000,5,1,1,1,128,zipf,98ece53a,1
100000,5,1,1,1,512,uniform,4217ce28,1
100000,5,1,1,1,512,zipf,43889e39,1
100000,5,1,1,1,2048,uniform,200b67b6,1
100000,5,1,1,1,2048,zipf,14b4d9fe,1
100000,5,1,1,1,4096,uniform,b6897fc2,1
100000,5,1,1,1,4096,zipf,ea3c25a7,1
100000,5,1,1,1,8192,uniform,0f8746c4,1
100000,5,1,1,1,8192,zipf,4d0989ce,1
100000,5,1,1,1,16384,uniform,446e5228,1
100000,5,1,1,1,16384,zipf,99ccd90f,1
100000,5,1,1,1,24576,uniform,2b21cddc,1
100000,5,1,1,1,24576,zipf,9ac86279,1
100000,5,1,1,1,32768,uniform,32e3c94b,1
100000,5,1,1,1,32768,zipf,fcb115b4,1
100000,5,1,1,1,65536,uniform,9d364d07,1
100000,5,1,1,1,65536,zipf,48f58764,1
100000,5,1,1,1,131072,uniform,bc6b572f,1
100000,5,1,1,1,131072,zipf,237fb304,1
100000,5,1,1,5,8,uniform,fc57fd65,5
100000,5,1,1,5,8,zipf,476bc95b,5
100000,5,1,1,5,128,uniform,62f85aa5,5
100000,5,1,1,5,128,zipf,8fc809b7,5
100000,5,1,1,5,512,uniform,4244097d,5
100000,5,1,1,5,512,zipf,4f3bf8e1,5
100000,5,1,1,5,2048,uniform,4886a13a,5
100000,5,1,1,5,2048,zipf,df76afae,5
100000,5,1,1,5,4096,uniform,e95c8d32,5
100000,5,1,1,5,4096,zipf,1f11eac9,5
100000,5,1,1,5,8192,uniform,aa7a4681,5
100000,5,1,1,5,8192,zipf,bf62f4a5,5
100000,5,1,1,5,16384,uniform,5d0711b0,5
100000,5,1,1,5,16384,zipf,99ebfb68,5
100000,5,1,1,5,24576,uniform,46cc3acd,5
100000,5,1,1,5,24576,zipf,e6a086da,5
100000,5,1,1,5,32768,uniform,fe4cf344,5
100000,5,1,1,5,32768,zipf,dbccd5c0,5
100000,5,1,1,5,65536,uniform,17315e96,5
100000,5,1,1,5,65536,zipf,133755c0,5
100000,5,1,1,5,131072,uniform,17bfd0fe,5
100000,5,1,1,5,131072,zipf,27f836d4,5
100000,5,1,1,20,8,uniform,afb76771,20
100000,5,1,1,20,8,zipf,1abd88d0,20
100000,5,1,1,20,128,uniform,90debcaa,20
100000,5,1,1,20,128,zipf,e9fc8216,20
100000,5,1,1,20,512,uniform,ddae9f77,20
100000,5,1,1,20,512,zipf,de32009b,20
100000,5,1,1,20,2048,uniform,05d85011,20
100000,5,1,1,20,2048,zipf,6c4fef3c,20
100000,5,1,1,20,4096,uniform,ca77639a,20
100000,5,1,1,20,4096,zipf,234b482d,20
100000,5,1,1,20,8192,uniform,a8ebd57f,20
100000,5,1,1,20,8192,zipf,b29c0a4b,20
100000,5,1,1,20,16384,uniform,82dccde6,20
100000,5,1,1,20,16384,zipf,daf08e60,20
100000,5,1,1,20,24576,uniform,0d7c9a86,20
100000,5,1,1,20,24576,zipf,bef16405,20
100000,5,1,1,20,32768,uniform,4dbd11b4,20
100000,5,1,1,20,32768,zipf,9ba7f875,20
100000,5,1,1,20,65536,uniform,50528944,20
100000,5,1,1,20,65536,zipf,36d51b51,20
100000,5,1,1,20,131072,uniform,77c07e0a,20
100000,5,1,1,20,131072,zipf,9cad4d1a,20
100000,5,1,5,1,8,uniform,5e270107,5
100000,5,1,5,1,8,zipf,48ddf19d,5
100000,5,1,5,1,128,uniform,b4a57c5b,5
100000,5,1,5,1,128,zipf,008b7f34,5
100000,5,1,5,1,512,uniform,192af797,5
100000,5,1,5,1,512,zipf,bd8888e4,5
100000,5,1,5,1,2048,uniform,58571e1d,5
100000,5,1,5,1,2048,zipf,e13ca62d,5
100000,5,1,5,1,4096,uniform,c5c45b17,5
100000,5,1,5,1,4096,zipf,a85c802b,5
100000,5,1,5,1,8192,uniform,8a5467fd,5
100000,5,1,5,1,8192,zipf,ad38cb0b,5
100000,5,1,5,1,16384,uniform,3c369d86,5
100000,5,1,5,1,16384,zipf,f58f0cad,5
100000,5,1,5,1,24576,uniform,64866bad,5
100000,5,1,5,1,24576,zipf,9e1a86b9,5
100000,5,1,5,1,32768,uniform,1a4edfad,5
100000,5,1,5,1,32768,zipf,c799689d,5
100000,5,1,5,1,65536,uniform,49a5b2b1,5
100000,5,1,5,1,65536,zipf,a992e0a1,5
100000,5,1,5,1,131072,uniform,3e90fa45,5
100000,5,1,5,1,131072,zipf,1b10aa81,5
100000,5,1,5,5,8,uniform,cf9c6663,25
100000,5,1,5,5,8,zipf,434804e9,25
100000,5,1,5,5,128,uniform,de967d63,25
100000,5,1,5,5,128,zipf,595ed01e,25
100000,5,1,5,5,512,uniform,55f99fb9,25
100000,5,1,5,5,512,zipf,d33dee94,25
100000,5,1,5,5,2048,uniform,42ebbf28,25
100000,5,1,5,5,2048,zipf,68f4890c,25
100000,5,1,5,5,4096,uniform,5c68ee8c,25
100000,5,1,5,5,4096,zipf,825c4491,25
100000,5,1,5,5,8192,uniform,11f2d2e7,25
100000,5,1,5,5,8192,zipf,206fa35e,25
100000,5,1,5,5,16384,uniform,5d7bad0c,25
100000,5,1,5,5,16384,zipf,dc8a3420,25
100000,5,1,5,5,24576,uniform,df89ea9f,25
100000,5,1,5,5,24576,zipf,81c96f44,25
100000,5,1,5,5,32768,uniform,c34646d7,25
100000,5,1,5,5,32768,zipf,73fa1a4e,25
100000,5,1,5,5,65536,uniform,fc602d01,25
100000,5,1,5,5,65536,zipf,571e40b5,25
100000,5,1,5,5,131072,uniform,1db4c8a5,25
100000,5,1,5,5,131072,zipf,7aecea0e,25
100000,5,1,5,20,8,uniform,291ca6ac,100
100000,5,1,5,20,8,zipf,f53783e5,100
100000,5,1,5,20,128,uniform,288c7b37,100
100000,5,1,5,20,128,zipf,64344311,100
100000,5,1,5,20,512,uniform,a6f12f0c,100
100000,5,1,5,20,512,zipf,4d50ff1e,100
100000,5,1,5,20,2048,uniform,3fbe90b8,100
100000,5,1,5,20,2048,zipf,d0bbe92a,100
100000,5,1,5,20,4096,uniform,ecc9a80f,100
100000,5,1,5,20,4096,zipf,5ed34eea,100
100000,5,1,5,20,8192,uniform,fcaca4e4,100
100000,5,1,5,20,8192,zipf,7d05a33a,100
100000,5,1,5,20,16384,uniform,98a66c2d,100
100000,5,1,5,20,16384,zipf,b3219229,100
100000,5,1,5,20,24576,uniform,a5ecd379,100
100000,5,1,5,20,24576,zipf,bbc175df,100
100000,5,1,5,20,32768,uniform,2cb31d7b,100
100000,5,1,5,20,32768,zipf,30b277bd,100
100000,5,1,5,20,65536,uniform,15b83fa3,100
100000,5,1,5,20,65536,zipf,80a0254e,100
100000,5,1,5,20,131072,uniform,591fc701,100
100000,5,1,5,20,131072,zipf,353a1847,100
100000,5,10,1,1,8,uniform,f099dc50,10
100000,5,10,1,1,8,zipf,74b64171,10
100000,5,10,1,1,128,uniform,39975b7b,10
100000,5,10,1,1,128,zipf,f120add6,10
100000,5,10,1,1,512,uniform,9c9b6c16,10
100000,5,10,1,1,512,zipf,38b7384e,10
100000,5,10,1,1,2048,uniform,bb4342ed,10
100000,5,10,1,1,2048,zipf,eecf73a1,10
100000,5,10,1,1,4096,uniform,f0d1a5b1,10
100000,5,10,1,1,4096,zipf,9eefad47,10
100000,5,10,1,1,8192,uniform,5d933847,10
100000,5,10,1,1,8192,zipf,f75e991e,10
100000,5,10,1,1,16384,uniform,04e28ef2,10
100000,5,10,1,1,16384,zipf,b8648298,10
100000,5,10,1,1,24576,uniform,4e81f663,10
100000,5,10,1,1,24576,zipf,05e56580,10
100000,5,10,1,1,32768,uniform,85f4e5f8,10
100000,5,10,1,1,32768,zipf,57c194d5,10
100000,5,10,1,1,65536,uniform,25e200ef,10
100000,5,10,1,1,65536,zipf,e9cd2df5,10
100000,5,10,1,1,131072,uniform,767f2f2e,10
100000,5,10,1,1,131072,zipf,84e063b7,10
100000,5,10,1,5,8,uniform,1ca63202,50
100000,5,10,1,5,8,zipf,921ae9ae,50
100000,5,10,1,5,128,uniform,6d633d74,50
100000,5,10,1,5,128,zipf,8b2fef19,50
100000,5,10,1,5,512,uniform,f3bbfeac,50
100000,5,10,1,5,512,zipf,80b94f37,50
100000,5,10,1,5,2048,uniform,a2a679aa,50
100000,5,10,1,5,2048,zipf,1db044a3,50
100000,5,10,1,5,4096,uniform,d356372d,50
100000,5,10,1,5,4096,zipf,cf0b22aa,50
100000,5,10,1,5,8192,uniform,738faecd,50
100000,5,10,1,5,8192,zipf,54c61d92,50
100000,5,10,1,5,16384,uniform,ddf34238,50
100000,5,10,1,5,16384,zipf,ef74d802,50
100000,5,10,1,5,24576,uniform,e311434d,50
100000,5,10,1,5,24576,zipf,b131b7db,50
100000,5,10,1,5,32768,uniform,25d3f128,50
100000,5,10,1,5,32768,zipf,68b933d6,50
100000,5,10,1,5,65536,uniform,14e80e89,50
100000,5,10,1,5,65536,zipf,1cffc7be,50
100000,5,10,1,5,131072,uniform,c762a349,50
100000,5,10,1,5,131072,zipf,b7f9f975,50
100000,5,10,1,20,8,uniform,7b351fbb,200
100000,5,10,1,20,8,zipf,bfff2d5d,200
100000,5,10,1,20,128,uniform,37205a6f,200
100000,5,10,1,20,128,zipf,215cb91d,200
100000,5,10,1,20,512,uniform,162d7911,200
100000,5,10,1,20,512,zipf,766a375a,200
100000,5,10,1,20,2048,uniform,2b0bddab,200
100000,5,10,1,20,2048,zipf,82c656fe,200
100000,5,10,1,20,4096,uniform,1d37bcc5,200
100000,5,10,1,20,4096,zipf,86dc5a08,200
100000,5,10,1,20,8192,uniform,7a04de63,200
100000,5,10,1,20,8192,zipf,6c5b1d2e,200
100000,5,10,1,20,16384,uniform,4f49a200,200
100000,5,10,1,20,16384,zipf,763e7f64,200
100000,5,10,1,20,24576,uniform,e853e9be,200
100000,5,10,1,20,24576,zipf,a1e102ad,200
100000,5,10,1,20,32768,uniform,5ae6e05e,200
100000,5,10,1,20,32768,zipf,7e8e32c4,200
100000,5,10,1,20,65536,uniform,9ebda86b,200
100000,5,10,1,20,65536,zipf,061b7c5c,200
100000,5,10,1,20,131072,uniform,dbad6432,200
100000,5,10,1,20,131072,zipf,aa79475f,200
100000,5,10,5,1,8,uniform,b216a33a,50
100000,5,10,5,1,8,zipf,07cdc323,50
100000,5,10,5,1,128,uniform,d004b704,50
100000,5,10,5,1,128,zipf,95a78888,50
100000,5,10,5,1,512,uniform,685dba5e,50
100000,5,10,5,1,512,zipf,452269cf,50
100000,5,10,5,1,2048,uniform,3fbc0c06,50
100000,5,10,5,1,2048,zipf,c8d904c1,50
100000,5,10,5,1,4096,uniform,f341b197,50
100000,5,10,5,1,4096,zipf,8a6911fe,50
100000,5,10,5,1,8192,uniform,d24714fb,50
100000,5,10,5,1,8192,zipf,c69d0604,50
100000,5,10,5,1,16384,uniform,684e83cc,50
100000,5,10,5,1,16384,zipf,cc8260f9,50
100000,5,10,5,1,24576,uniform,f74f6421,50
100000,5,10,5,1,24576,zipf,dc1c0dcd,50
100000,5,10,5,1,32768,uniform,bb1a240a,50
100000,5,10,5,1,32768,zipf,4bf07b95,50
100000,5,10,5,1,65536,uniform,42e4392c,50
100000,5,10,5,1,65536,zipf,38be7c7d,50
100000,5,10,5,1,131072,uniform,c2c3b5de,50
100000,5,10,5,1,131072,zipf,728c478f,50
100000,5,10,5,5,8,uniform,7da45f69,250
100000,5,10,5,5,8,zipf,353f322f,250
100000,5,10,5,5,128,uniform,0ef7b81e,250
100000,5,10,5,5,128,zipf,0a1ca184,250
100000,5,10,5,5,512,uniform,fa5492b0,250
100000,5,10,5,5,512,zipf,137ef128,250
100000,5,10,5,5,2048,uniform,f46e21ef,250
100000,5,10,5,5,2048,zipf,a98c393b,250
100000,5,10,5,5,4096,uniform,bad83c61,250
100000,5,10,5,5,4096,zipf,3e2ae485,250
100000,5,10,5,5,8192,uniform,b2bb3811,250
100000,5,10,5,5,8192,zipf,9e400403,250
100000,5,10,5,5,16384,uniform,2653d15f,250
100000,5,10,5,5,16384,zipf,c0431389,250
100000,5,10,5,5,24576,uniform,bf564a24,250
100000,5,10,5,5,24576,zipf,a51b2b03,250
100000,5,10,5,5,32768,uniform,1a1ec65b,250
100000,5,10,5,5,32768,zipf,cf138dfa,250
100000,5,10,5,5,65536,uniform,140ba0b1,250
100000,5,10,5,5,65536,zipf,36a3be23,250
100000,5,10,5,5,131072,uniform,2295a5c2,250
100000,5,10,5,5,131072,zipf,18eeb3de,250
100000,5,10,5,20,8,uniform,867fd384,1000
100000,5,10,5,20,8,zipf,702f149a,1000
100000,5,10,5,20,128,uniform,581283c3,1000
100000,5,10,5,20,128,zipf,a5817475,1000
100000,5,10,5,20,512,uniform,b4740a35,1000
100000,5,10,5,20,512,zipf,c2f8ed69,1000
100000,5,10,5,20,2048,uniform,9a0b6c55,1000
100000,5,10,5,20,2048,zipf,d72d777b,1000
100000,5,10,5,20,4096,uniform,0eac96d9,1000
100000,5,10,5,20,4096,zipf,5318c35e,1000
100000,5,10,5,20,8192,uniform,3863cf59,1000
100000,5,10,5,20,8192,zipf,9a77dbc5,1000
100000,5,10,5,20,16384,uniform,9c4d7bca,1000
100000,5,10,5,20,16384,zipf,80f99e24,1000
100000,5,10,5,20,24576,uniform,51a55d69,1000
100000,5,10,5,20,24576,zipf,81fe5569,1000
100000,5,10,5,20,32768,uniform,1ff4c360,1000
100000,5,10,5,20,32768,zipf,20e6086c,1000
100000,5,10,5,20,65536,uniform,e07abb31,1000
100000,5,10,5,20,65536,zipf,4b1e403a,1000
100000,5,10,5,20,131072,uniform,4828288d,1000
100000,5,10,5,20,131072,zipf,7549542b,1000
100000,5,100,1,1,8,uniform,0375cfde,100
100000,5,100,1,1,8,zipf,74f30f7b,100
100000,5,100,1,1,128,uniform,2412bb3c,100
100000,5,100,1,1,128,zipf,d5f23eb4,100
100000,5,100,1,1,512,uniform,4b78e07f,100
100000,5,100,1,1,512,zipf,3e4a9c17,100
100000,5,100,1,1,2048,uniform,cddfc6fa,100
100000,5,100,1,1,2048,zipf,80ef888b,100
100000,5,100,1,1,4096,uniform,7b5e6645,100
100000,5,100,1,1,4096,zipf,cef9d4f8,100
100000,5,100,1,1,8192,uniform,42b6fbbf,100
100000,5,100,1,1,8192,zipf,2701b024,100
100000,5,100,1,1,16384,uniform,88235b73,100
100000,5,100,1,1,16384,zipf,5a74ccef,100
100000,5,100,1,1,24576,uniform,60b64a1d,100
100000,5,100,1,1,24576,zipf,e8a6bd0b,100
100000,5,100,1,1,32768,uniform,0aea7056,100
100000,5,100,1,1,32768,zipf,ef82e90d,100
100000,5,100,1,1,65536,uniform,14735cc6,100
100000,5,100,1,1,65536,zipf,4420d7c3,100
100000,5,100,1,1,131072,uniform,fa5e36d6,100
100000,5,100,1,1,131072,zipf,dde59c83,100
100000,5,100,1,5,8,uniform,fa355a38,500
100000,5,100,1,5,8,zipf,5371bc59,500
100000,5,100,1,5,128,uniform,8ce355ce,500
100000,5,100,1,5,128,zipf,2248d883,500
100000,5,100,1,5,512,uniform,56c1451b,500
100000,5,100,1,5,512,zipf,7d9f6fe3,500
100000,5,100,1,5,2048,uniform,67973019,500
100000,5,100,1,5,2048,zipf,fb96129b,500
100000,5,100,1,5,4096,uniform,8703be29,500
100000,5,100,1,5,4096,zipf,5b2ce86c,500
100000,5,100,1,5,8192,uniform,91200e02,500
100000,5,100,1,5,8192,zipf,3a776049,500
100000,5,100,1,5,16384,uniform,0ce4dfbd,500
100000,5,100,1,5,16384,zipf,47641ba4,500
100000,5,100,1,5,24576,uniform,93362b1b,500
100000,5,100,1,5,24576,zipf,436d71f8,500
100000,5,100,1,5,32768,uniform,c025a2c5,500
100000,5,100,1,5,32768,zipf,2a4d57c0,500
100000,5,100,1,5,65536,uniform,07a545c5,500
100000,5,100,1,5,65536,zipf,f015192d,500
100000,5,100,1,5,131072,uniform,28fb0dd3,500
100000,5,100,1,5,131072,zipf,c68da15d,500
100000,5,100,1,20,8,uniform,ef27a568,2000
100000,5,100,1,20,8,zipf,0fed2132,2000
100000,5,100,1,20,128,uniform,98c22dce,2000
100000,5,100,1,20,128,zipf,eb17fd55,2000
100000,5,100,1,20,512,uniform,980003f0,2000
100000,5,100,1,20,512,zipf,d25dae28,2000
100000,5,100,1,20,2048,uniform,6ffd6deb,2000
100000,5,100,1,20,2048,zipf,a0e5b5c0,2000
100000,5,100,1,20,4096,uniform,1e25d38e,2000
100000,5,100,1,20,4096,zipf,c4cf130a,2000
100000,5,100,1,20,8192,uniform,5a4aea6e,2000
100000,5,100,1,20,8192,zipf,1f7ee1c5,2000
100000,5,100,1,20,16384,uniform,ae9eb1d7,2000
100000,5,100,1,20,16384,zipf,4627074d,2000
100000,5,100,1,20,24576,uniform,81daccca,2000
100000,5,100,1,20,24576,zipf,c7288ef4,2000
100000,5,100,1,20,32768,uniform,e8229bd9,2000
100000,5,100,1,20,32768,zipf,75405b09,2000
100000,5,100,1,20,65536,uniform,548accfb,2000
100000,5,100,1,20,65536,zipf,6a985e97,2000
100000,5,100,1,20,131072,uniform,aa3fe76a,2000
100000,5,100,1,20,131072,zipf,e9e232a9,2000
100000,5,100,5,1,8,uniform,4bcbcf8e,500
100000,5,100,5,1,8,zipf,8c820137,500
100000,5,100,5,1,128,uniform,55633b87,500
100000,5,100,5,1,128,zipf,bae3dbf7,500
100000,5,100,5,1,512,uniform,3d9e82a4,500
100000,5,100,5,1,512,zipf,ada11976,500
100000,5,100,5,1,2048,uniform,6c2a2b77,500
100000,5,100,5,1,2048,zipf,c85517ec,500
100000,5,100,5,1,4096,uniform,d1cc9eda,500
100000,5,100,5,1,4096,zipf,61f628d2,500
100000,5,100,5,1,8192,uniform,e2423e77,500
100000,5,100,5,1,8192,zipf,b8f57783,500
100000,5,100,5,1,16384,uniform,56925c7a,500
100000,5,100,5,1,16384,zipf,6724b814,500
100000,5,100,5,1,24576,uniform,9e9fb8e5,500
100000,5,100,5,1,24576,zipf,4fe7d61b,500
100000,5,100,5,1,32768,uniform,fe96a96c,500
100000,5,100,5,1,32768,zipf,9535b579,500
100000,5,100,5,1,65536,uniform,558b3191,500
100000,5,100,5,1,65536,zipf,1646ccfc,500
100000,5,100,5,1,131072,uniform,1246373e,500
100000,5,100,5,1,131072,zipf,a82346cb,500
100000,5,100,5,5,8,uniform,067fd6e6,2500
100000,5,100,5,5,8,zipf,24200fa2,2500
100000,5,100,5,5,128,uniform,1336d973,2500
100000,5,100,5,5,128,zipf,364d60d5,2500
100000,5,100,5,5,512,uniform,7f106a4f,2500
100000,5,100,5,5,512,zipf,6954081f,2500
100000,5,100,5,5,2048,uniform,3a4f162c,2500
100000,5,100,5,5,2048,zipf,9a078dc7,2500
100000,5,100,5,5,4096,uniform,755c87a4,2500
100000,5,100,5,5,4096,zipf,c61ed3b0,2500
100000,5,100,5,5,8192,uniform,800fb610,2500
100000,5,100,5,5,8192,zipf,4f703e18,2500
100000,5,100,5,5,16384,uniform,cffb48e4,2500
100000,5,100,5,5,16384,zipf,b6867175,2500
100000,5,100,5,5,24576,uniform,4aa02d00,2500
100000,5,100,5,5,24576,zipf,c4f1c296,2500
100000,5,100,5,5,32768,uniform,afa71a42,2500
100000,5,100,5,5,32768,zipf,95ae88f8,2500
100000,5,100,5,5,65536,uniform,32d422be,2500
100000,5,100,5,5,65536,zipf,dbfcc441,2500
100000,5,100,5,5,131072,uniform,e320d747,2500
100000,5,100,5,5,131072,zipf,5d82a5fe,2500
100000,5,100,5,20,8,uniform,65ea97a6,10000
100000,5,100,5,20,8,zipf,9b82b720,10000
100000,5,100,5,20,128,uniform,9ab70c70,10000
100000,5,100,5,20,128,zipf,c21181b9,10000
100000,5,100,5,20,512,uniform,ff4671e4,10000
100000,5,100,5,20,512,zipf,8ac2ca62,10000
100000,5,100,5,20,2048,uniform,2b2a605f,10000
100000,5,100,5,20,2048,zipf,b260d495,10000
100000,5,100,5,20,4096,uniform,e165000b,10000
100000,5,100,5,20,4096,zipf,a6d17b83,10000
100000,5,100,5,20,8192,uniform,6cf75da2,10000
100000,5,100,5,20,8192,zipf,1c1f8cf0,10000
100000,5,100,5,20,16384,uniform,63fcdca5,10000
100000,5,100,5,20,16384,zipf,e56d147a,10000
100000,5,100,5,20,24576,uniform,cc901d7f,10000
100000,5,100,5,20,24576,zipf,8cc84572,10000
100000,5,100,5,20,32768,uniform,3e1dd6a8,10000
100000,5,100,5,20,32768,zipf,3953d0ae,10000
100000,5,100,5,20,65536,uniform,8b29d26d,10000
100000,5,100,5,20,65536,zipf,2a117e5f,10000
100000,5,100,5,20,131072,uniform,dee80006,10000
100000,5,100,5,20,131072,zipf,683d3d40,10000
100000,50,1,1,1,8,uniform,1f1cc14a,1
100000,50,1,1,1,8,zipf,25c7b599,1
100000,50,1,1,1,128,uniform,31d5b796,1
100000,50,1,1,1,128,zipf,29b8b8a7,1
100000,50,1,1,1,512,uniform,4ee7edb5,1
100000,50,1,1,1,512,zipf,b7e362a2,1
100000,50,1,1,1,2048,uniform,2537cca0,1
100000,50,1,1,1,2048,zipf,1787579f,1
100000,50,1,1,1,4096,uniform,bd75143c,1
100000,50,1,1,1,4096,zipf,1700be2b,1
100000,50,1,1,1,8192,uniform,59a48c6a,1
100000,50,1,1,1,8192,zipf,75dd5e8e,1
100000,50,1,1,1,16384,uniform,c1fc521c,1
100000,50,1,1,1,16384,zipf,3cd41120,1
100000,50,1,1,1,24576,uniform,30423874,1
100000,50,1,1,1,24576,zipf,ad6bc9d0,1
100000,50,1,1,1,32768,uniform,dc9b09ca,1
100000,50,1,1,1,32768,zipf,9c095653,1
100000,50,1,1,1,65536,uniform,5e05c7f6,1
100000,50,1,1,1,65536,zipf,df3da1a6,1
100000,50,1,1,1,131072,uniform,c295f3aa,1
100000,50,1,1,1,131072,zipf,f8b0f4c0,1
100000,50,1,1,5,8,uniform,3fbb025e,5
100000,50,1,1,5,8,zipf,6b47f415,5
100000,50,1,1,5,128,uniform,6a575982,5
100000,50,1,1,5,128,zipf,ebd3d514,5
100000,50,1,1,5,512,uniform,e46acf81,5
100000,50,1,1,5,512,zipf,ad67f1f8,5
100000,50,1,1,5,2048,uniform,faf94577,5
100000,50,1,1,5,2048,zipf,fdc1affa,5
100000,50,1,1,5,4096,uniform,e0de92fe,5
100000,50,1,1,5,4096,zipf,52bd594c,5
100000,50,1,1,5,8192,uniform,e06f8349,5
100000,50,1,1,5,8192,zipf,cb44b07d,5
100000,50,1,1,5,16384,uniform,d2cf2347,5
100000,50,1,1,5,16384,zipf,51eebf06,5
100000,50,1,1,5,24576,uniform,ee0db28d,5
100000,50,1,1,5,24576,zipf,05f6cc7a,5
100000,50,1,1,5,32768,uniform,16dbccb6,5
100000,50,1,1,5,32768,zipf,d945c499,5
100000,50,1,1,5,65536,uniform,d0724880,5
100000,50,1,1,5,65536,zipf,ab64106f,5
100000,50,1,1,5,131072,uniform,9100f2f8,5
100000,50,1,1,5,131072,zipf,af32a3a1,5
100000,50,1,1,20,8,uniform,851bf95e,20
100000,50,1,1,20,8,zipf,200f9386,20
100000,50,1,1,20,128,uniform,d64befea,20
100000,50,1,1,20,128,zipf,09792484,20
100000,50,1,1,20,512,uniform,399d4107,20
100000,50,1,1,20,512,zipf,a605cbca,20
100000,50,1,1,20,2048,uniform,a6baa635,20
100000,50,1,1,20,2048,zipf,5266d0c5,20
100000,50,1,1,20,4096,uniform,9c36b0f1,20
100000,50,1,1,20,4096,zipf,51604ea8,20
100000,50,1,1,20,8192,uniform,035f1a3f,20
100000,50,1,1,20,8192,zipf,c44f5136,20
100000,50,1,1,20,16384,uniform,80dfe1f2,20
100000,50,1,1,20,16384,zipf,4b453f55,20
100000,50,1,1,20,24576,uniform,68ba1400,20
100000,50,1,1,20,24576,zipf,c64da1f9,20
100000,50,1,1,20,32768,uniform,003cdb33,20
100000,50,1,1,20,32768,zipf,46432a27,20
100000,50,1,1,20,65536,uniform,474ec28f,20
100000,50,1,1,20,65536,zipf,e6eac3a2,20
100000,50,1,1,20,131072,uniform,60f41f5c,20
100000,50,1,1,20,131072,zipf,28398720,20
100000,50,1,5,1,8,uniform,b9fa1584,5
100000,50,1,5,1,8,zipf,0993a841,5
100000,50,1,5,1,128,uniform,b8d9be8d,5
100000,50,1,5,1,128,zipf,f01f8ba1,5
100000,50,1,5,1,512,uniform,e776fa2b,5
100000,50,1,5,1,512,zipf,39d2bb47,5
100000,50,1,5,1,2048,uniform,8038bd13,5
100000,50,1,5,1,2048,zipf,9b208df9,5
100000,50,1,5,1,4096,uniform,6112056a,5
100000,50,1,5,1,4096,zipf,e8f0986a,5
100000,50,1,5,1,8192,uniform,33d49257,5
100000,50,1,5,1,8192,zipf,ebf7811b,5
100000,50,1,5,1,16384,uniform,67ded05f,5
100000,50,1,5,1,16384,zipf,a13e75a9,5
100000,50,1,5,1,24576,uniform,d2026441,5
100000,50,1,5,1,24576,zipf,da91e309,5
100000,50,1,5,1,32768,uniform,edc46153,5
100000,50,1,5,1,32768,zipf,cff5cd78,5
100000,50,1,5,1,65536,uniform,200d319b,5
100000,50,1,5,1,65536,zipf,cbff33c0,5
100000,50,1,5,1,131072,uniform,7e18ea2d,5
100000,50,1,5,1,131072,zipf,f3c9e983,5
100000,50,1,5,5,8,uniform,cf532d3d,25
100000,50,1,5,5,8,zipf,9eaf3534,25
100000,50,1,5,5,128,uniform,4f856bf8,25
100000,50,1,5,5,128,zipf,5d2a5411,25
100000,50,1,5,5,512,uniform,63075fd0,25
100000,50,1,5,5,512,zipf,a804af62,25
100000,50,1,5,5,2048,uniform,c9b7e229,25
100000,50,1,5,5,2048,zipf,06817532,25
100000,50,1,5,5,4096,uniform,40541500,25
100000,50,1,5,5,4096,zipf,828fd1b0,25
100000,50,1,5,5,8192,uniform,305026b6,25
100000,50,1,5,5,8192,zipf,772183b4,25
100000,50,1,5,5,16384,uniform,070085c9,25
100000,50,1,5,5,16384,zipf,9e12d3e9,25
100000,50,1,5,5,24576,uniform,12a62839,25
100000,50,1,5,5,24576,zipf,8937dac9,25
100000,50,1,5,5,32768,uniform,4b65013a,25
100000,50,1,5,5,32768,zipf,c3eab00d,25
100000,50,1,5,5,65536,uniform,9caae476,25
100000,50,1,5,5,65536,zipf,1ee64e6c,25
100000,50,1,5,5,131072,uniform,5c21c87d,25
100000,50,1,5,5,131072,zipf,860e2231,25
100000,50,1,5,20,8,uniform,580cbd31,100
100000,50,1,5,20,8,zipf,d5f77c35,100
100000,50,1,5,20,128,uniform,2492739e,100
100000,50,1,5,20,128,zipf,3c204ff9,100
100000,50,1,5,20,512,uniform,f6bd242a,100
100000,50,1,5,20,512,zipf,3100044f,100
100000,50,1,5,20,2048,uniform,f5903887,100
100000,50,1,5,20,2048,zipf,f7e9bc0c,100
100000,50,1,5,20,4096,uniform,181c20e6,100
100000,50,1,5,20,4096,zipf,62fa4ef5,100
100000,50,1,5,20,8192,uniform,2932583c,100
100000,50,1,5,20,8192,zipf,4026e016,100
100000,50,1,5,20,16384,uniform,16306667,100
100000,50,1,5,20,16384,zipf,8c3fc387,100
100000,50,1,5,20,24576,uniform,b04b1239,100
100000,50,1,5,20,24576,zipf,659c8595,100
100000,50,1,5,20,32768,uniform,bc5ca114,100
100000,50,1,5,20,32768,zipf,59ac609a,100
100000,50,1,5,20,65536,uniform,ed26344f,100
100000,50,1,5,20,65536,zipf,bc48d4b9,100
100000,50,1,5,20,131072,uniform,7ab8ec3c,100
100000,50,1,5,20,131072,zipf,4de3af8b,100
100000,50,10,1,1,8,uniform,863ce819,10
100000,50,10,1,1,8,zipf,9cd5d75f,10
100000,50,10,1,1,128,uniform,abaa7ef0,10
100000,50,10,1,1,128,zipf,51902cbf,10
100000,50,10,1,1,512,uniform,07adc93c,10
100000,50,10,1,1,512,zipf,06a8bbc4,10
100000,50,10,1,1,2048,uniform,8f0fccb3,10
100000,50,10,1,1,2048,zipf,5e1492e9,10
100000,50,10,1,1,4096,uniform,6d9ea95f,10
100000,50,10,1,1,4096,zipf,4575be83,10
100000,50,10,1,1,8192,uniform,424cacf6,10
100000,50,10,1,1,8192,zipf,c9586489,10
100000,50,10,1,1,16384,uniform,3b21544f,10
100000,50,10,1,1,16384,zipf,79632380,10
100000,50,10,1,1,24576,uniform,0e764b9d,10
100000,50,10,1,1,24576,zipf,c5f56f2a,10
100000,50,10,1,1,32768,uniform,6e5940c0,10
100000,50,10,1,1,32768,zipf,c4883c9b,10
100000,50,10,1,1,65536,uniform,1892d3a8,10
100000,50,10,1,1,65536,zipf,dc0d94ff,10
100000,50,10,1,1,131072,uniform,b10ce90b,10
100000,50,10,1,1,131072,zipf,5f26602d,10
100000,50,10,1,5,8,uniform,50bbf0b0,50
100000,50,10,1,5,8,zipf,a36fc313,50
100000,50,10,1,5,128,uniform,6d4c7cf4,50
100000,50,10,1,5,128,zipf,9066543b,50
100000,50,10,1,5,512,uniform,d714c052,50
100000,50,10,1,5,512,zipf,4954abd4,50
100000,50,10,1,5,2048,uniform,bc256c45,50
100000,50,10,1,5,2048,zipf,832dc683,50
100000,50,10,1,5,4096,uniform,df33a5f4,50
100000,50,10,1,5,4096,zipf,dfff5b14,50
100000,50,10,1,5,8192,uniform,065a6dbd,50
100000,50,10,1,5,8192,zipf,6ed8670b,50
100000,50,10,1,5,16384,uniform,f082b77f,50
100000,50,10,1,5,16384,zipf,858b876d,50
100000,50,10,1,5,24576,uniform,8f6c9a71,50
100000,50,10,1,5,24576,zipf,8930b24b,50
100000,50,10,1,5,32768,uniform,fbe8e1b3,50
100000,50,10,1,5,32768,zipf,041bbbaa,50
100000,50,10,1,5,65536,uniform,71d07ad9,50
100000,50,10,1,5,65536,zipf,6638857e,50
100000,50,10,1,5,131072,uniform,b0a24c91,50
100000,50,10,1,5,131072,zipf,3a447f06,50
100000,50,10,1,20,8,uniform,04f1c890,200
100000,50,10,1,20,8,zipf,da8166ee,200
100000,50,10,1,20,128,uniform,e0f0235c,200
100000,50,10,1,20,128,zipf,8da8b8ca,200
100000,50,10,1,20,512,uniform,4147f978,200
100000,50,10,1,20,512,zipf,7e049def,200
100000,50,10,1,20,2048,uniform,ca1d518f,200
100000,50,10,1,20,2048,zipf,b06e919b,200
100000,50,10,1,20,4096,uniform,8494c96c,200
100000,50,10,1,20,4096,zipf,7dd92f2a,200
100000,50,10,1,20,8192,uniform,1bc0d1dd,200
100000,50,10,1,20,8192,zipf,3b17f511,200
100000,50,10,1,20,16384,uniform,95f8d482,200
100000,50,10,1,20,16384,zipf,5fc7b108,200
100000,50,10,1,20,24576,uniform,88f60c2f,200
100000,50,10,1,20,24576,zipf,f22d97fd,200
100000,50,10,1,20,32768,uniform,83b65e84,200
100000,50,10,1,20,32768,zipf,31196b1f,200
100000,50,10,1,20,65536,uniform,48e2c34a,200
100000,50,10,1,20,65536,zipf,f5b5a571,200
100000,50,10,1,20,131072,uniform,570e229a,200
100000,50,10,1,20,131072,zipf,73269822,200
100000,50,10,5,1,8,uniform,60deb45f,50
100000,50,10,5,1,8,zipf,e8d08052,50
100000,50,10,5,1,128,uniform,914a21e2,50
100000,50,10,5,1,128,zipf,92476de6,50
100000,50,10,5,1,512,uniform,d13ae50a,50
100000,50,10,5,1,512,zipf,e0664596,50
100000,50,10,5,1,2048,uniform,8162933e,50
100000,50,10,5,1,2048,zipf,86e7ced1,50
100000,50,10,5,1,4096,uniform,10d7a918,50
100000,50,10,5,1,4096,zipf,ae94d7c1,50
100000,50,10,5,1,8192,uniform,f1cf909f,50
100000,50,10,5,1,8192,zipf,4bdfc511,50
100000,50,10,5,1,16384,uniform,8e2bc00d,50
100000,50,10,5,1,16384,zipf,b8a64f7f,50
100000,50,10,5,1,24576,uniform,991674ec,50
100000,50,10,5,1,24576,zipf,a410465a,50
100000,50,10,5,1,32768,uniform,43d6a015,50
100000,50,10,5,1,32768,zipf,e0b56dfb,50
100000,50,10,5,1,65536,uniform,1af72dfb,50
100000,50,10,5,1,65536,zipf,1cd82aee,50
100000,50,10,5,1,131072,uniform,9f6b8b5b,50
100000,50,10,5,1,131072,zipf,97a2d9ec,50
100000,50,10,5,5,8,uniform,427145c7,250
100000,50,10,5,5,8,zipf,7bb70089,250
100000,50,10,5,5,128,uniform,5c3dc6c6,250
100000,50,10,5,5,128,zipf,6c833d7b,250
100000,50,10,5,5,512,uniform,1c8aae7f,250
100000,50,10,5,5,512,zipf,fce6331e,250
100000,50,10,5,5,2048,uniform,e32632ca,250
100000,50,10,5,5,2048,zipf,ecef8404,250
100000,50,10,5,5,4096,uniform,b07afcf8,250
100000,50,10,5,5,4096,zipf,5475bb47,250
100000,50,10,5,5,8192,uniform,74b4619e,250
100000,50,10,5,5,8192,zipf,7808cac0,250
100000,50,10,5,5,16384,uniform,7eaf55d2,250
100000,50,10,5,5,16384,zipf,4253bcfd,250
100000,50,10,5,5,24576,uniform,a6271dc3,250
100000,50,10,5,5,24576,zipf,b173e685,250
100000,50,10,5,5,32768,uniform,bd19a444,250
100000,50,10,5,5,32768,zipf,9aa10da5,250
100000,50,10,5,5,65536,uniform,1925f266,250
100000,50,10,5,5,65536,zipf,30e9f47d,250
100000,50,10,5,5,131072,uniform,2fb229b3,250
100000,50,10,5,5,131072,zipf,2359e3fa,250
100000,50,10,5,20,8,uniform,1e7d1cb4,1000
100000,50,10,5,20,8,zipf,a84e6f69,1000
100000,50,10,5,20,128,uniform,c05609f9,1000
100000,50,10,5,20,128,zipf,0f7ccee5,1000
100000,50,10,5,20,512,uniform,2b11ca43,1000
100000,50,10,5,20,512,zipf,90583742,1000
100000,50,10,5,20,2048,uniform,0646b945,1000
100000,50,10,5,20,2048,zipf,e3e72c90,1000
100000,50,10,5,20,4096,uniform,bd6a5632,1000
100000,50,10,5,20,4096,zipf,5def1633,1000
100000,50,10,5,20,8192,uniform,7da35eb3,1000
100000,50,10,5,20,8192,zipf,457cc3e6,1000
100000,50,10,5,20,16384,uniform,fa7c12c0,1000
100000,50,10,5,20,16384,zipf,8e2a4451,1000
100000,50,10,5,20,24576,uniform,5e870e9a,1000
100000,50,10,5,20,24576,zipf,18b32fb7,1000
100000,50,10,5,20,32768,uniform,fb709094,1000
100000,50,10,5,20,32768,zipf,75c799ee,1000
100000,50,10,5,20,65536,uniform,d8eaf7e8,1000
100000,50,10,5,20,65536,zipf,af262d14,1000
100000,50,10,5,20,131072,uniform,a42d6cbc,1000
100000,50,10,5,20,131072,zipf,8f24c0d5,1000
100000,50,100,1,1,8,uniform,31f0d4ae,100
100000,50,100,1,1,8,zipf,95c459c1,100
100000,50,100,1,1,128,uniform,a78b9a52,100
100000,50,100,1,1,128,zipf,ff4c8355,100
100000,50,100,1,1,512,uniform,126bcfe0,100
100000,50,100,1,1,512,zipf,e78b6646,100
100000,50,100,1,1,2048,uniform,641fb827,100
100000,50,100,1,1,2048,zipf,f3a521ad,100
100000,50,100,1,1,4096,uniform,ab4642b1,100
100000,50,100,1,1,4096,zipf,5a0d1244,100
100000,50,100,1,1,8192,uniform,46d7e8b7,100
100000,50,100,1,1,8192,zipf,0bc715fb,100
100000,50,100,1,1,16384,uniform,1273f6bd,100
100000,50,100,1,1,16384,zipf,ae3f3078,100
100000,50,100,1,1,24576,uniform,e6de38ab,100
100000,50,100,1,1,24576,zipf,3130d503,100
100000,50,100,1,1,32768,uniform,5778ea01,100
100000,50,100,1,1,32768,zipf,22bcaf03,100
100000,50,100,1,1,65536,uniform,36f5813d,100
100000,50,100,1,1,65536,zipf,d892f0d7,100
100000,50,100,1,1,131072,uniform,7528ce1a,100
100000,50,100,1,1,131072,zipf,d140a0be,100
100000,50,100,1,5,8,uniform,76201a3e,500
100000,50,100,1,5,8,zipf,9cd00685,500
100000,50,100,1,5,128,uniform,82752d27,500
100000,50,100,1,5,128,zipf,7fdb6eeb,500
100000,50,100,1,5,512,uniform,3338fa0f,500
100000,50,100,1,5,512,zipf,4355b688,500
100000,50,100,1,5,2048,uniform,4206cacb,500
100000,50,100,1,5,2048,zipf,c2328b33,500
100000,50,100,1,5,4096,uniform,6b022f24,500
100000,50,100,1,5,4096,zipf,93db3f95,500
100000,50,100,1,5,8192,uniform,9dcd4376,500
100000,50,100,1,5,8192,zipf,a395bd21,500
100000,50,100,1,5,16384,uniform,b16aee4c,500
100000,50,100,1,5,16384,zipf,fc6c13a1,500
100000,50,100,1,5,24576,uniform,f34a32bc,500
100000,50,100,1,5,24576,zipf,c5817c9c,500
100000,50,100,1,5,32768,uniform,6cdf329e,500
100000,50,100,1,5,32768,zipf,87b44b37,500
100000,50,100,1,5,65536,uniform,11770b38,500
100000,50,100,1,5,65536,zipf,614a3967,500
100000,50,100,1,5,131072,uniform,7bb22eb0,500
100000,50,100,1,5,131072,zipf,f2863fbe,500
100000,50,100,1,20,8,uniform,3637f2cb,2000
100000,50,100,1,20,8,zipf,732e89a8,2000
100000,50,100,1,20,128,uniform,954f9bcf,2000
100000,50,100,1,20,128,zipf,f35e2ab3,2000
100000,50,100,1,20,512,uniform,20c86536,2000
100000,50,100,1,20,512,zipf,e347e072,2000
100000,50,100,1,20,2048,uniform,45ca6d57,2000
100000,50,100,1,20,2048,zipf,be8657eb,2000
100000,50,100,1,20,4096,uniform,ad9256ae,2000
100000,50,100,1,20,4096,zipf,f6f8a89c,2000
100000,50,100,1,20,8192,uniform,95036522,2000
100000,50,100,1,20,8192,zipf,2de5293f,2000
100000,50,100,1,20,16384,uniform,5a43d5e6,2000
100000,50,100,1,20,16384,zipf,926bb703,2000
100000,50,100,1,20,24576,uniform,e391f1d3,2000
100000,50,100,1,20,24576,zipf,ca59bfd3,2000
100000,50,100,1,20,32768,uniform,395601cb,2000
100000,50,100,1,20,32768,zipf,e294acba,2000
100000,50,100,1,20,65536,uniform,9a4eba8f,2000
100000,50,100,1,20,65536,zipf,f145be08,2000
100000,50,100,1,20,131072,uniform,38f39825,2000
100000,50,100,1,20,131072,zipf,bae99b69,2000
100000,50,100,5,1,8,uniform,52aa4dd6,500
100000,50,100,5,1,8,zipf,7aa3f9a7,500
100000,50,100,5,1,128,uniform,44045235,500
100000,50,100,5,1,128,zipf,68434b31,500
100000,50,100,5,1,512,uniform,32739c75,500
100000,50,100,5,1,512,zipf,60de4ae7,500
100000,50,100,5,1,2048,uniform,77839d08,500
100000,50,100,5,1,2048,zipf,f580bc09,500
100000,50,100,5,1,4096,uniform,320d661a,500
100000,50,100,5,1,4096,zipf,542b0fd6,500
100000,50,100,5,1,8192,uniform,a1eb1ed1,500
100000,50,100,5,1,8192,zipf,23f42cc0,500
100000,50,100,5,1,16384,uniform,3a34b769,500
100000,50,100,5,1,16384,zipf,6256e8b1,500
100000,50,100,5,1,24576,uniform,3f475f25,500
100000,50,100,5,1,24576,zipf,b8422561,500
100000,50,100,5,1,32768,uniform,6d5f508c,500
100000,50,100,5,1,32768,zipf,4b57cbc1,500
100000,50,100,5,1,65536,uniform,c30f2e5a,500
100000,50,100,5,1,65536,zipf,9f69b692,500
100000,50,100,5,1,131072,uniform,2b413643,500
100000,50,100,5,1,131072,zipf,a2aec3f1,500
100000,50,100,5,5,8,uniform,11d0148c,2500
100000,50,100,5,5,8,zipf,685bdc2f,2500
100000,50,100,5,5,128,uniform,706baa22,2500
100000,50,100,5,5,128,zipf,540b2478,2500
100000,50,100,5,5,512,uniform,a2e3d895,2500
100000,50,100,5,5,512,zipf,e75c3e62,2500
100000,50,100,5,5,2048,uniform,fcc5aec8,2500
100000,50,100,5,5,2048,zipf,84124c39,2500
100000,50,100,5,5,4096,uniform,2052ad56,2500
100000,50,100,5,5,4096,zipf,8a35b873,2500
100000,50,100,5,5,8192,uniform,8958f1f9,2500
100000,50,100,5,5,8192,zipf,3c0fc0f3,2500
100000,50,100,5,5,16384,uniform,6772d376,2500
100000,50,100,5,5,16384,zipf,90f9d99a,2500
100000,50,100,5,5,24576,uniform,399dbe3e,2500
100000,50,100,5,5,24576,zipf,e4043569,2500
100000,50,100,5,5,32768,uniform,494e5a1b,2500
100000,50,100,5,5,32768,zipf,c9df7faa,2500
100000,50,100,5,5,65536,uniform,a3446674,2500
100000,50,100,5,5,65536,zipf,c1c4c097,2500
100000,50,100,5,5,131072,uniform,6e0bfddb,2500
100000,50,100,5,5,131072,zipf,c2654bd9,2500
100000,50,100,5,20,8,uniform,1bc14616,10000
100000,50,100,5,20,8,zipf,6eecc348,10000
100000,50,100,5,20,128,uniform,9cdc2ed1,10000
100000,50,100,5,20,128,zipf,00b2b6c5,10000
100000,50,100,5,20,512,uniform,aeddd754,10000
100000,50,100,5,20,512,zipf,81d38fba,10000
100000,50,100,5,20,2048,uniform,936ce9e1,10000
100000,50,100,5,20,2048,zipf,11cfcbe0,10000
100000,50,100,5,20,4096,uniform,e2506bf8,10000
100000,50,100,5,20,4096,zipf,f3e45904,10000
100000,50,100,5,20,8192,uniform,ff607045,10000
100000,50,100,5,20,8192,zipf,254acaaf,10000
100000,50,100,5,20,16384,uniform,180fef33,10000
100000,50,100,5,20,16384,zipf,b67600f6,10000
100000,50,100,5,20,24576,uniform,0b02f168,10000
100000,50,100,5,20,24576,zipf,3bf9858c,10000
100000,50,100,5,20,32768,uniform,547a09fd,10000
100000,50,100,5,20,32768,zipf,5ea48a05,10000
100000,50,100,5,20,65536,uniform,2fe7521d,10000
100000,50,100,5,20,65536,zipf,3012f24e,10000
100000,50,100,5,20,131072,uniform,0862e467,10000
100000,50,100,5,20,131072,zipf,754225ea,10000
1000000,5,1,1,1,8,uniform,26c225e4,1
1000000,5,1,1,1,8,zipf,fcef3a07,1
1000000,5,1,1,1,128,uniform,7ff144f7,1
1000000,5,1,1,1,128,zipf,2799e424,1
1000000,5,1,1,1,512,uniform,00a639f6,1
1000000,5,1,1,1,512,zipf,cb438f23,1
1000000,5,1,1,1,2048,uniform,c2d2263a,1
1000000,5,1,1,1,2048,zipf,0018bfca,1
1000000,5,1,1,1,4096,uniform,954be1e1,1
1000000,5,1,1,1,4096,zipf,0a2eb2a9,1
1000000,5,1,1,1,8192,uniform,edbbc9c6,1
1000000,5,1,1,1,8192,zipf,1a42e7a6,1
1000000,5,1,1,1,16384,uniform,bcfb66d3,1
1000000,5,1,1,1,16384,zipf,02d0721e,1
1000000,5,1,1,1,24576,uniform,b855e171,1
1000000,5,1,1,1,24576,zipf,5e7575b8,1
1000000,5,1,1,1,32768,uniform,91ed687a,1
1000000,5,1,1,1,32768,zipf,61dde6c4,1
1000000,5,1,1,1,65536,uniform,163a974a,1
1000000,5,1,1,1,65536,zipf,48a0f74f,1
1000000,5,1,1,1,131072,uniform,3400a6b9,1
1000000,5,1,1,1,131072,zipf,11166d98,1
1000000,5,1,1,5,8,uniform,ca140af3,5
1000000,5,1,1,5,8,zipf,47e36585,5
1000000,5,1,1,5,128,uniform,d175eab2,5
1000000,5,1,1,5,128,zipf,cd38a4f8,5
1000000,5,1,1,5,512,uniform,4eaa3a08,5
1000000,5,1,1,5,512,zipf,6c2a3c12,5
1000000,5,1,1,5,2048,uniform,4d1609e8,5
1000000,5,1,1,5,2048,zipf,845baec0,5
1000000,5,1,1,5,4096,uniform,5bca028b,5
1000000,5,1,1,5,4096,zipf,8de5b11d,5
1000000,5,1,1,5,8192,uniform,e15aab29,5
1000000,5,1,1,5,8192,zipf,5c3761f6,5
1000000,5,1,1,5,16384,uniform,c7e0b9f6,5
1000000,5,1,1,5,16384,zipf,46a091b1,5
1000000,5,1,1,5,24576,uniform,f3bf374e,5
1000000,5,1,1,5,24576,zipf,5c6e5dd1,5
1000000,5,1,1,5,32768,uniform,5df92b64,5
1000000,5,1,1,5,32768,zipf,c50d5f70,5
1000000,5,1,1,5,65536,uniform,98459d58,5
1000000,5,1,1,5,65536,zipf,783584ab,5
1000000,5,1,1,5,131072,uniform,21d56c41,5
1000000,5,1,1,5,131072,zipf,47cf1b51,5
1000000,5,1,1,20,8,uniform,7cf4e2ad,20
1000000,5,1,1,20,8,zipf,bf21c25f,20
1000000,5,1,1,20,128,uniform,cecd2c5b,20
1000000,5,1,1,20,128,zipf,fcd43780,20
1000000,5,1,1,20,512,uniform,5641fb97,20
1000000,5,1,1,20,512,zipf,00caed4a,20
1000000,5,1,1,20,2048,uniform,87828cbd,20
1000000,5,1,1,20,2048,zipf,929fde23,20
1000000,5,1,1,20,4096,uniform,5b6684be,20
1000000,5,1,1,20,4096,zipf,bd47ef66,20
1000000,5,1,1,20,8192,uniform,f10b0bb3,20
1000000,5,1,1,20,8192,zipf,3b9c6d4f,20
1000000,5,1,1,20,16384,uniform,a4b1010e,20
1000000,5,1,1,20,16384,zipf,a8a876d1,20
1000000,5,1,1,20,24576,uniform,0858303d,20
1000000,5,1,1,20,24576,zipf,742e962d,20
1000000,5,1,1,20,32768,uniform,73bb088d,20
1000000,5,1,1,20,32768,zipf,2e30c719,20
1000000,5,1,1,20,65536,uniform,9f15f68b,20
1000000,5,1,1,20,65536,zipf,c3b42b1f,20
1000000,5,1,1,20,131072,uniform,4c34d239,20
1000000,5,1,1,20,131072,zipf,2266d7ea,20
1000000,5,1,5,1,8,uniform,ee8465c0,5
1000000,5,1,5,1,8,zipf,13014762,5
1000000,5,1,5,1,128,uniform,f243c9ae,5
1000000,5,1,5,1,128,zipf,82fc7f11,5
1000000,5,1,5,1,512,uniform,931e824e,5
1000000,5,1,5,1,512,zipf,d7cf830a,5
1000000,5,1,5,1,2048,uniform,34f5ce9b,5
1000000,5,1,5,1,2048,zipf,2a3e92d4,5
1000000,5,1,5,1,4096,uniform,c2f87fc4,5
1000000,5,1,5,1,4096,zipf,9bca4ab0,5
1000000,5,1,5,1,8192,uniform,e7deaeda,5
1000000,5,1,5,1,8192,zipf,28bbf809,5
1000000,5,1,5,1,16384,uniform,f52e965d,5
1000000,5,1,5,1,16384,zipf,a88471f5,5
1000000,5,1,5,1,24576,uniform,f5fb81fa,5
1000000,5,1,5,1,24576,zipf,f4d78373,5
1000000,5,1,5,1,32768,uniform,2e21bf2d,5
1000000,5,1,5,1,32768,zipf,0b2e3275,5
1000000,5,1,5,1,65536,uniform,f141ec86,5
1000000,5,1,5,1,65536,zipf,675c803e,5
1000000,5,1,5,1,131072,uniform,fc0ec5d4,5
1000000,5,1,5,1,131072,zipf,cce57e4e,5
1000000,5,1,5,5,8,uniform,8f7fd8e3,25
1000000,5,1,5,5,8,zipf,0fdb5752,25
1000000,5,1,5,5,128,uniform,9d489af5,25
1000000,5,1,5,5,128,zipf,3aba217d,25
1000000,5,1,5,5,512,uniform,6b89e04e,25
1000000,5,1,5,5,512,zipf,9931ab0f,25
1000000,5,1,5,5,2048,uniform,20b7c55a,25
1000000,5,1,5,5,2048,zipf,e118b802,25
1000000,5,1,5,5,4096,uniform,dde5b80a,25
1000000,5,1,5,5,4096,zipf,4f7ff51b,25
1000000,5,1,5,5,8192,uniform,f8b6e7cf,25
1000000,5,1,5,5,8192,zipf,f98cf03f,25
1000000,5,1,5,5,16384,uniform,c4d43658,25
1000000,5,1,5,5,16384,zipf,acf55292,25
1000000,5,1,5,5,24576,uniform,7ae93304,25
1000000,5,1,5,5,24576,zipf,f83ecb86,25
1000000,5,1,5,5,32768,uniform,d15bd873,25
1000000,5,1,5,5,32768,zipf,44958611,25
1000000,5,1,5,5,65536,uniform,c59013ab,25
1000000,5,1,5,5,65536,zipf,c73f0836,25
1000000,5,1,5,5,131072,uniform,a31a96a5,25
1000000,5,1,5,5,131072,zipf,a88816f1,25
1000000,5,1,5,20,8,uniform,d99a76f1,100
1000000,5,1,5,20,8,zipf,89a701e7,100
1000000,5,1,5,20,128,uniform,48e349c3,100
1000000,5,1,5,20,128,zipf,ef2b0cd2,100
1000000,5,1,5,20,512,uniform,4e4680a1,100
1000000,5,1,5,20,512,zipf,e61c8227,100
1000000,5,1,5,20,2048,uniform,4a6eb510,100
1000000,5,1,5,20,2048,zipf,f0dbb36c,100
1000000,5,1,5,20,4096,uniform,6313ff26,100
1000000,5,1,5,20,4096,zipf,0b77df6d,100
1000000,5,1,5,20,8192,uniform,a07eb6c2,100
1000000,5,1,5,20,8192,zipf,5a44e090,100
1000000,5,1,5,20,16384,uniform,5eccd8fe,100
1000000,5,1,5,20,16384,zipf,3681e595,100
1000000,5,1,5,20,24576,uniform,9155aafc,100
1000000,5,1,5,20,24576,zipf,44b110fd,100
1000000,5,1,5,20,32768,uniform,d3217398,100
1000000,5,1,5,20,32768,zipf,c59c1636,100
1000000,5,1,5,20,65536,uniform,a40736af,100
1000000,5,1,5,20,65536,zipf,f87cb69a,100
1000000,5,1,5,20,131072,uniform,21f12643,100
1000000,5,1,5,20,131072,zipf,68afa29d,100
1000000,5,10,1,1,8,uniform,37b447c4,10
1000000,5,10,1,1,8,zipf,4b30b2b8,10
1000000,5,10,1,1,128,uniform,d6c19154,10
1000000,5,10,1,1,128,zipf,c7e36b36,10
1000000,5,10,1,1,512,uniform,07884759,10
1000000,5,10,1,1,512,zipf,f5bf850d,10
1000000,5,10,1,1,2048,uniform,493deb29,10
1000000,5,10,1,1,2048,zipf,662dd262,10
1000000,5,10,1,1,4096,uniform,f4a2b3d7,10
1000000,5,10,1,1,4096,zipf,1c35520b,10
1000000,5,10,1,1,8192,uniform,acaa3617,10
1000000,5,10,1,1,8192,zipf,21e06f6f,10
1000000,5,10,1,1,16384,uniform,5f7ce439,10
1000000,5,10,1,1,16384,zipf,2a425d34,10
1000000,5,10,1,1,24576,uniform,4579284f,10
1000000,5,10,1,1,24576,zipf,fb6292fe,10
1000000,5,10,1,1,32768,uniform,3816d56f,10
1000000,5,10,1,1,32768,zipf,80680697,10
1000000,5,10,1,1,65536,uniform,ace831c9,10
1000000,5,10,1,1,65536,zipf,5e129134,10
1000000,5,10,1,1,131072,uniform,c23d6c5f,10
1000000,5,10,1,1,131072,zipf,85c50fff,10
1000000,5,10,1,5,8,uniform,d6f2eeb2,50
1000000,5,10,1,5,8,zipf,098f7ac1,50
1000000,5,10,1,5,128,uniform,e2d74971,50
1000000,5,10,1,5,128,zipf,26b7b5e7,50
1000000,5,10,1,5,512,uniform,c62dcbde,50
1000000,5,10,1,5,512,zipf,86ba0828,50
1000000,5,10,1,5,2048,uniform,d05fa1bb,50
1000000,5,10,1,5,2048,zipf,98c68ad4,50
1000000,5,10,1,5,4096,uniform,82951ca9,50
1000000,5,10,1,5,4096,zipf,6af48492,50
1000000,5,10,1,5,8192,uniform,fc112839,50
1000000,5,10,1,5,8192,zipf,1bf21e81,50
1000000,5,10,1,5,16384,uniform,607580a8,50
1000000,5,10,1,5,16384,zipf,6d4ab8cc,50
1000000,5,10,1,5,24576,uniform,6f9097ac,50
1000000,5,10,1,5,24576,zipf,7ed1b132,50
1000000,5,10,1,5,32768,uniform,18682665,50
1000000,5,10,1,5,32768,zipf,47d9a7a0,50
1000000,5,10,1,5,65536,uniform,fd7085b6,50
1000000,5,10,1,5,65536,zipf,031b7f76,50
1000000,5,10,1,5,131072,uniform,42288dce,50
1000000,5,10,1,5,131072,zipf,d6e9122c,50
1000000,5,10,1,20,8,uniform,cb219a26,200
1000000,5,10,1,20,8,zipf,7dbfb7e8,200
1000000,5,10,1,20,128,uniform,50932358,200
1000000,5,10,1,20,128,zipf,73bfc4e0,200
1000000,5,10,1,20,512,uniform,0a462c0a,200
1000000,5,10,1,20,512,zipf,17196285,200
1000000,5,10,1,20,2048,uniform,c62119d8,200
1000000,5,10,1,20,2048,zipf,36b73352,200
1000000,5,10,1,20,4096,uniform,b39296c7,200
1000000,5,10,1,20,4096,zipf,3745f0cf,200
1000000,5,10,1,20,8192,uniform,609605dc,200
1000000,5,10,1,20,8192,zipf,452f2c68,200
1000000,5,10,1,20,16384,uniform,8d25a119,200
1000000,5,10,1,20,16384,zipf,56dea62d,200
1000000,5,10,1,20,24576,uniform,679aca5a,200
1000000,5,10,1,20,24576,zipf,82d7d641,200
1000000,5,10,1,20,32768,uniform,23eed87a,200
1000000,5,10,1,20,32768,zipf,46f0726d,200
1000000,5,10,1,20,65536,uniform,c4f135d1,200
1000000,5,10,1,20,65536,zipf,9622f99c,200
1000000,5,10,1,20,131072,uniform,eb3de370,200
1000000,5,10,1,20,131072,zipf,89b46085,200
1000000,5,10,5,1,8,uniform,5a4a45a4,50
1000000,5,10,5,1,8,zipf,3632ba67,50
1000000,5,10,5,1,128,uniform,8657bd25,50
1000000,5,10,5,1,128,zipf,bf49d9f6,50
1000000,5,10,5,1,512,uniform,91548ce7,50
1000000,5,10,5,1,512,zipf,59482fb2,50
1000000,5,10,5,1,2048,uniform,4a7615f0,50
1000000,5,10,5,1,2048,zipf,b0cfed96,50
1000000,5,10,5,1,4096,uniform,a4cc8094,50
1000000,5,10,5,1,4096,zipf,3d2ba09b,50
1000000,5,10,5,1,8192,uniform,cdd2f528,50
1000000,5,10,5,1,8192,zipf,f6378bf0,50
1000000,5,10,5,1,16384,uniform,e42efce2,50
1000000,5,10,5,1,16384,zipf,fad9fb60,50
1000000,5,10,5,1,24576,uniform,2783d391,50
1000000,5,10,5,1,24576,zipf,baa9218a,50
1000000,5,10,5,1,32768,uniform,8bd950cc,50
1000000,5,10,5,1,32768,zipf,444bc1a7,50
1000000,5,10,5,1,65536,uniform,95c5c278,50
1000000,5,10,5,1,65536,zipf,ed89d089,50
1000000,5,10,5,1,131072,uniform,e3f2f354,50
1000000,5,10,5,1,131072,zipf,a1c69bba,50
1000000,5,10,5,5,8,uniform,b114614d,250
1000000,5,10,5,5,8,zipf,ca1392ac,250
1000000,5,10,5,5,128,uniform,0eca7c27,250
1000000,5,10,5,5,128,zipf,4f915a96,250
1000000,5,10,5,5,512,uniform,5f938475,250
1000000,5,10,5,5,512,zipf,ca43711b,250
1000000,5,10,5,5,2048,uniform,c572be5f,250
1000000,5,10,5,5,2048,zipf,c22c1190,250
1000000,5,10,5,5,4096,uniform,2ee98064,250
1000000,5,10,5,5,4096,zipf,adbed305,250
1000000,5,10,5,5,8192,uniform,10ae48bf,250
1000000,5,10,5,5,8192,zipf,3f6c9c5c,250
1000000,5,10,5,5,16384,uniform,2323e501,250
1000000,5,10,5,5,16384,zipf,3578aaff,250
1000000,5,10,5,5,24576,uniform,16a62c4a,250
1000000,5,10,5,5,24576,zipf,86e8d0cb,250
1000000,5,10,5,5,32768,uniform,9fcf62c9,250
1000000,5,10,5,5,32768,zipf,43475e5b,250
1000000,5,10,5,5,65536,uniform,15e6967b,250
1000000,5,10,5,5,65536,zipf,31e9fb25,250
1000000,5,10,5,5,131072,uniform,f54342ee,250
1000000,5,10,5,5,131072,zipf,1d7ea640,250
1000000,5,10,5,20,8,uniform,98f2de52,1000
1000000,5,10,5,20,8,zipf,7a185b44,1000
1000000,5,10,5,20,128,uniform,ef94cd5a,1000
1000000,5,10,5,20,128,zipf,8ba07114,1000
1000000,5,10,5,20,512,uniform,8a4c1010,1000
1000000,5,10,5,20,512,zipf,dcd635ae,1000
1000000,5,10,5,20,2048,uniform,bf982e1f,1000
1000000,5,10,5,20,2048,zipf,13ec2483,1000
1000000,5,10,5,20,4096,uniform,677defc7,1000
1000000,5,10,5,20,4096,zipf,88744abe,1000
1000000,5,10,5,20,8192,uniform,70e8aa84,1000
1000000,5,10,5,20,8192,zipf,a3908394,1000
1000000,5,10,5,20,16384,uniform,2a782aac,1000
1000000,5,10,5,20,16384,zipf,0ebd658c,1000
1000000,5,10,5,20,24576,uniform,add8b944,1000
1000000,5,10,5,20,24576,zipf,0d1119ba,1000
1000000,5,10,5,20,32768,uniform,82e494cb,1000
1000000,5,10,5,20,32768,zipf,7a68a7c7,1000
1000000,5,10,5,20,65536,uniform,c2c5d3ee,1000
1000000,5,10,5,20,65536,zipf,8305e72e,1000
1000000,5,10,5,20,131072,uniform,a27448e9,1000
1000000,5,10,5,20,131072,zipf,88765baa,1000
1000000,5,100,1,1,8,uniform,a529207e,100
1000000,5,100,1,1,8,zipf,4565babf,100
1000000,5,100,1,1,128,uniform,418ce470,100
1000000,5,100,1,1,128,zipf,3ae4127d,100
1000000,5,100,1,1,512,uniform,1c8bc331,100
1000000,5,100,1,1,512,zipf,00752301,100
1000000,5,100,1,1,2048,uniform,41421811,100
1000000,5,100,1,1,2048,zipf,c5f64a33,100
1000000,5,100,1,1,4096,uniform,e3fce2ac,100
1000000,5,100,1,1,4096,zipf,a2e16ae0,100
1000000,5,100,1,1,8192,uniform,206d4142,100
1000000,5,100,1,1,8192,zipf,2aa4811c,100
1000000,5,100,1,1,16384,uniform,04367722,100
1000000,5,100,1,1,16384,zipf,f5783682,100
1000000,5,100,1,1,24576,uniform,5faede56,100
1000000,5,100,1,1,24576,zipf,3f075931,100
1000000,5,100,1,1,32768,uniform,9c07fbc9,100
1000000,5,100,1,1,32768,zipf,3658417f,100
1000000,5,100,1,1,65536,uniform,d6692abc,100
1000000,5,100,1,1,65536,zipf,fba077f2,100
1000000,5,100,1,1,131072,uniform,2d9dd9e9,100
1000000,5,100,1,1,131072,zipf,d316765a,100
1000000,5,100,1,5,8,uniform,be8a0ee7,500
1000000,5,100,1,5,8,zipf,6ec48cd4,500
1000000,5,100,1,5,128,uniform,06fc154a,500
1000000,5,100,1,5,128,zipf,3eb477ab,500
1000000,5,100,1,5,512,uniform,87e3873d,500
1000000,5,100,1,5,512,zipf,0d9d7227,500
1000000,5,100,1,5,2048,uniform,2d374c05,500
1000000,5,100,1,5,2048,zipf,d8d9e543,500
1000000,5,100,1,5,4096,uniform,0ed2aa83,500
1000000,5,100,1,5,4096,zipf,0f0839b9,500
1000000,5,100,1,5,8192,uniform,9020f877,500
1000000,5,100,1,5,8192,zipf,6a8380e8,500
1000000,5,100,1,5,16384,uniform,1aeea018,500
1000000,5,100,1,5,16384,zipf,a84822cf,500
1000000,5,100,1,5,24576,uniform,d0756f89,500
1000000,5,100,1,5,24576,zipf,c9ee2b77,500
1000000,5,100,1,5,32768,uniform,7355c22b,500
1000000,5,100,1,5,32768,zipf,f207f5bd,500
1000000,5,100,1,5,65536,uniform,a04a5eee,500
1000000,5,100,1,5,65536,zipf,bdd3f26d,500
1000000,5,100,1,5,131072,uniform,50d717bc,500
1000000,5,100,1,5,131072,zipf,6b30e182,500
1000000,5,100,1,20,8,uniform,eaa6637d,2000
1000000,5,100,1,20,8,zipf,4bdc545c,2000
1000000,5,100,1,20,128,uniform,1ac9af70,2000
1000000,5,100,1,20,128,zipf,68ef482a,2000
1000000,5,100,1,20,512,uniform,ffc0d983,2000
1000000,5,100,1,20,512,zipf,ad21bbd4,2000
1000000,5,100,1,20,2048,uniform,261a8255,2000
1000000,5,100,1,20,2048,zipf,f06d5885,2000
1000000,5,100,1,20,4096,uniform,5882cdfc,2000
1000000,5,100,1,20,4096,zipf,6b1355c7,2000
1000000,5,100,1,20,8192,uniform,a4640140,2000
1000000,5,100,1,20,8192,zipf,a1212a1d,2000
1000000,5,100,1,20,16384,uniform,008aa6c5,2000
1000000,5,100,1,20,16384,zipf,6b109a69,2000
1000000,5,100,1,20,24576,uniform,6a10f206,2000
1000000,5,100,1,20,24576,zipf,b675940f,2000
1000000,5,100,1,20,32768,uniform,36d1e066,2000
1000000,5,100,1,20,32768,zipf,0854bc47,2000
1000000,5,100,1,20,65536,uniform,1100000f,2000
1000000,5,100,1,20,65536,zipf,6e29750d,2000
1000000,5,100,1,20,131072,uniform,0ba63730,2000
1000000,5,100,1,20,131072,zipf,978b949b,2000
1000000,5,100,5,1,8,uniform,3c1525eb,500
1000000,5,100,5,1,8,zipf,bdddf9ee,500
1000000,5,100,5,1,128,uniform,561acd57,500
1000000,5,100,5,1,128,zipf,5b3dc050,500
1000000,5,100,5,1,512,uniform,02c1a149,500
1000000,5,100,5,1,512,zipf,ae7330a4,500
1000000,5,100,5,1,2048,uniform,57db075b,500
1000000,5,100,5,1,2048,zipf,7eff0f99,500
1000000,5,100,5,1,4096,uniform,d6e40d5a,500
1000000,5,100,5,1,4096,zipf,5e7eb0e6,500
1000000,5,100,5,1,8192,uniform,f008e018,500
1000000,5,100,5,1,8192,zipf,cf94db19,500
1000000,5,100,5,1,16384,uniform,df8a704a,500
1000000,5,100,5,1,16384,zipf,bfdb1c94,500
1000000,5,100,5,1,24576,uniform,841fb117,500
1000000,5,100,5,1,24576,zipf,f107b079,500
1000000,5,100,5,1,32768,uniform,7a9d0a8c,500
1000000,5,100,5,1,32768,zipf,f904fb50,500
1000000,5,100,5,1,65536,uniform,bd4add60,500
1000000,5,100,5,1,65536,zipf,1e603def,500
1000000,5,100,5,1,131072,uniform,001cc3b0,500
1000000,5,100,5,1,131072,zipf,1c6caaa9,500
1000000,5,100,5,5,8,uniform,23f44832,2500
1000000,5,100,5,5,8,zipf,f4ad6098,2500
1000000,5,100,5,5,128,uniform,69884d32,2500
1000000,5,100,5,5,128,zipf,2459b6c7,2500
1000000,5,100,5,5,512,uniform,efec0055,2500
1000000,5,100,5,5,512,zipf,bd0d7230,2500
1000000,5,100,5,5,2048,uniform,9eb9b087,2500
1000000,5,100,5,5,2048,zipf,935b307a,2500
1000000,5,100,5,5,4096,uniform,868b72db,2500
1000000,5,100,5,5,4096,zipf,b268d73a,2500
1000000,5,100,5,5,8192,uniform,2749218f,2500
1000000,5,100,5,5,8192,zipf,f5e2689a,2500
1000000,5,100,5,5,16384,uniform,572b53ce,2500
1000000,5,100,5,5,16384,zipf,3e557e46,2500
1000000,5,100,5,5,24576,uniform,30520f72,2500
1000000,5,100,5,5,24576,zipf,6aea924f,2500
1000000,5,100,5,5,32768,uniform,eec59db5,2500
1000000,5,100,5,5,32768,zipf,58a3beab,2500
1000000,5,100,5,5,65536,uniform,46335481,2500
1000000,5,100,5,5,65536,zipf,8519bebb,2500
1000000,5,100,5,5,131072,uniform,51366494,2500
1000000,5,100,5,5,131072,zipf,2695777c,2500
1000000,5,100,5,20,8,uniform,83b465a8,10000
1000000,5,100,5,20,8,zipf,3355b943,10000
1000000,5,100,5,20,128,uniform,3204ab67,10000
1000000,5,100,5,20,128,zipf,1856ef32,10000
1000000,5,100,5,20,512,uniform,1f345530,10000
1000000,5,100,5,20,512,zipf,64abad09,10000
1000000,5,100,5,20,2048,uniform,b946c3d4,10000
1000000,5,100,5,20,2048,zipf,f61cb9d7,10000
1000000,5,100,5,20,4096,uniform,9fc40560,10000
1000000,5,100,5,20,4096,zipf,b9f9e34f,10000
1000000,5,100,5,20,8192,uniform,4d73070e,10000
1000000,5,100,5,20,8192,zipf,954a5bc8,10000
1000000,5,100,5,20,16384,uniform,abe650bc,10000
1000000,5,100,5,20,16384,zipf,e1f2fae3,10000
1000000,5,100,5,20,24576,uniform,eca28b69,10000
1000000,5,100,5,20,24576,zipf,97d251f5,10000
1000000,5,100,5,20,32768,uniform,29f1f77b,10000
1000000,5,100,5,20,32768,zipf,dac06edc,10000
1000000,5,100,5,20,65536,uniform,916ea917,10000
1000000,5,100,5,20,65536,zipf,890349c0,10000
1000000,5,100,5,20,131072,uniform,8992b093,10000
1000000,5,100,5,20,131072,zipf,2739f89c,10000
1000000,50,1,1,1,8,uniform,fc2800f4,1
1000000,50,1,1,1,8,zipf,6014e2b0,1
1000000,50,1,1,1,128,uniform,ddee7554,1
1000000,50,1,1,1,128,zipf,3987370a,1
1000000,50,1,1,1,512,uniform,c2f7ca77,1
1000000,50,1,1,1,512,zipf,b3dc65a5,1
1000000,50,1,1,1,2048,uniform,147d29fb,1
1000000,50,1,1,1,2048,zipf,6bfc746f,1
1000000,50,1,1,1,4096,uniform,54a88376,1
1000000,50,1,1,1,4096,zipf,f5814845,1
1000000,50,1,1,1,8192,uniform,34a45835,1
1000000,50,1,1,1,8192,zipf,efbf90e9,1
1000000,50,1,1,1,16384,uniform,e7a9abc9,1
1000000,50,1,1,1,16384,zipf,8e13c2a7,1
1000000,50,1,1,1,24576,uniform,f76a9df4,1
1000000,50,1,1,1,24576,zipf,bd98f5fa,1
1000000,50,1,1,1,32768,uniform,db181c5f,1
1000000,50,1,1,1,32768,zipf,4498d716,1
1000000,50,1,1,1,65536,uniform,5f951c0b,1
1000000,50,1,1,1,65536,zipf,bbf5eec1,1
1000000,50,1,1,1,131072,uniform,e6af09a3,1
1000000,50,1,1,1,131072,zipf,c5fa7095,1
1000000,50,1,1,5,8,uniform,e8b0ef6e,5
1000000,50,1,1,5,8,zipf,155201ce,5
1000000,50,1,1,5,128,uniform,6be5383f,5
1000000,50,1,1,5,128,zipf,b313bd2d,5
1000000,50,1,1,5,512,uniform,8b543bba,5
1000000,50,1,1,5,512,zipf,09983cd8,5
1000000,50,1,1,5,2048,uniform,4eea29f5,5
1000000,50,1,1,5,2048,zipf,60aeb98f,5
1000000,50,1,1,5,4096,uniform,fb055e06,5
1000000,50,1,1,5,4096,zipf,6e6b65d1,5
1000000,50,1,1,5,8192,uniform,cda8c985,5
1000000,50,1,1,5,8192,zipf,b9b4bda8,5
1000000,50,1,1,5,16384,uniform,104ef27a,5
1000000,50,1,1,5,16384,zipf,647d98a5,5
1000000,50,1,1,5,24576,uniform,9e28d9d8,5
1000000,50,1,1,5,24576,zipf,3be92469,5
1000000,50,1,1,5,32768,uniform,71bfc425,5
1000000,50,1,1,5,32768,zipf,4f7e8592,5
1000000,50,1,1,5,65536,uniform,8b6b0e82,5
1000000,50,1,1,5,65536,zipf,4f762812,5
1000000,50,1,1,5,131072,uniform,d427cf44,5
1000000,50,1,1,5,131072,zipf,727bfdf4,5
1000000,50,1,1,20,8,uniform,9662250b,20
1000000,50,1,1,20,8,zipf,454aeaea,20
1000000,50,1,1,20,128,uniform,23a86897,20
1000000,50,1,1,20,128,zipf,5ff7af43,20
1000000,50,1,1,20,512,uniform,5c0f9ee2,20
1000000,50,1,1,20,512,zipf,fa46c05c,20
1000000,50,1,1,20,2048,uniform,7b8aade7,20
1000000,50,1,1,20,2048,zipf,40a99094,20
1000000,50,1,1,20,4096,uniform,0e80cc2f,20
1000000,50,1,1,20,4096,zipf,47aaca8a,20
1000000,50,1,1,20,8192,uniform,85c50ac9,20
1000000,50,1,1,20,8192,zipf,74b465a5,20
1000000,50,1,1,20,16384,uniform,c95bfd51,20
1000000,50,1,1,20,16384,zipf,0ef710aa,20
1000000,50,1,1,20,24576,uniform,a4650f00,20
1000000,50,1,1,20,24576,zipf,fa8e652b,20
1000000,50,1,1,20,32768,uniform,c85d7f5a,20
1000000,50,1,1,20,32768,zipf,9d9dfe5c,20
1000000,50,1,1,20,65536,uniform,030ecdc1,20
1000000,50,1,1,20,65536,zipf,8f1124a4,20
1000000,50,1,1,20,131072,uniform,2ff7b0f6,20
1000000,50,1,1,20,131072,zipf,147ab846,20
1000000,50,1,5,1,8,uniform,9bf202cc,5
1000000,50,1,5,1,8,zipf,a83ebcd6,5
1000000,50,1,5,1,128,uniform,ecc6ff1b,5
1000000,50,1,5,1,128,zipf,4313a754,5
1000000,50,1,5,1,512,uniform,71b41345,5
1000000,50,1,5,1,512,zipf,3e3c76b1,5
1000000,50,1,5,1,2048,uniform,8b7ade21,5
1000000,50,1,5,1,2048,zipf,893c78dd,5
1000000,50,1,5,1,4096,uniform,31882fa0,5
1000000,50,1,5,1,4096,zipf,76a32a9a,5
1000000,50,1,5,1,8192,uniform,4f82742e,5
1000000,50,1,5,1,8192,zipf,14717651,5
1000000,50,1,5,1,16384,uniform,bdb4d6cc,5
1000000,50,1,5,1,16384,zipf,ece2a381,5
1000000,50,1,5,1,24576,uniform,21e8b7d3,5
1000000,50,1,5,1,24576,zipf,69dec1bc,5
1000000,50,1,5,1,32768,uniform,68789fe7,5
1000000,50,1,5,1,32768,zipf,f549c484,5
1000000,50,1,5,1,65536,uniform,2f98517b,5
1000000,50,1,5,1,65536,zipf,463c3120,5
1000000,50,1,5,1,131072,uniform,d78d0a4b,5
1000000,50,1,5,1,131072,zipf,1fc6539d,5
1000000,50,1,5,5,8,uniform,a130d7c4,25
1000000,50,1,5,5,8,zipf,a62c32a0,25
1000000,50,1,5,5,128,uniform,9b4841e4,25
1000000,50,1,5,5,128,zipf,50e13323,25
1000000,50,1,5,5,512,uniform,9b8aafa3,25
1000000,50,1,5,5,512,zipf,7a8bfdf8,25
1000000,50,1,5,5,2048,uniform,f8e99726,25
1000000,50,1,5,5,2048,zipf,f692d33f,25
1000000,50,1,5,5,4096,uniform,23a2a02a,25
1000000,50,1,5,5,4096,zipf,5188d1f8,25
1000000,50,1,5,5,8192,uniform,e15ce113,25
1000000,50,1,5,5,8192,zipf,de23ea83,25
1000000,50,1,5,5,16384,uniform,6d1348b7,25
1000000,50,1,5,5,16384,zipf,1d7e1fa0,25
1000000,50,1,5,5,24576,uniform,b0d86773,25
1000000,50,1,5,5,24576,zipf,ade10d57,25
1000000,50,1,5,5,32768,uniform,3b5bb838,25
1000000,50,1,5,5,32768,zipf,776cd67e,25
1000000,50,1,5,5,65536,uniform,482f37da,25
1000000,50,1,5,5,65536,zipf,8b9accac,25
1000000,50,1,5,5,131072,uniform,d50362b0,25
1000000,50,1,5,5,131072,zipf,b3d571b1,25
1000000,50,1,5,20,8,uniform,16470e25,100
1000000,50,1,5,20,8,zipf,f5c3a671,100
1000000,50,1,5,20,128,uniform,070193e7,100
1000000,50,1,5,20,128,zipf,f8c0f46f,100
1000000,50,1,5,20,512,uniform,609a288e,100
1000000,50,1,5,20,512,zipf,4ece8426,100
1000000,50,1,5,20,2048,uniform,044f9d47,100
1000000,50,1,5,20,2048,zipf,dee38f2d,100
1000000,50,1,5,20,4096,uniform,416f7052,100
1000000,50,1,5,20,4096,zipf,34b86955,100
1000000,50,1,5,20,8192,uniform,73a4a3c6,100
1000000,50,1,5,20,8192,zipf,819f7326,100
1000000,50,1,5,20,16384,uniform,00346f56,100
1000000,50,1,5,20,16384,zipf,dfa12b83,100
1000000,50,1,5,20,24576,uniform,5610df2e,100
1000000,50,1,5,20,24576,zipf,d88c2b99,100
1000000,50,1,5,20,32768,uniform,306b7149,100
1000000,50,1,5,20,32768,zipf,f7a3ca7e,100
1000000,50,1,5,20,65536,uniform,e434004b,100
1000000,50,1,5,20,65536,zipf,0ad486b2,100
1000000,50,1,5,20,131072,uniform,9a57fabf,100
1000000,50,1,5,20,131072,zipf,b399f9a5,100
1000000,50,10,1,1,8,uniform,85885565,10
1000000,50,10,1,1,8,zipf,bca8a16f,10
1000000,50,10,1,1,128,uniform,6341b56f,10
1000000,50,10,1,1,128,zipf,cfb4db77,10
1000000,50,10,1,1,512,uniform,b41520fb,10
1000000,50,10,1,1,512,zipf,fdcf165e,10
1000000,50,10,1,1,2048,uniform,0c8cccb0,10
1000000,50,10,1,1,2048,zipf,ddd22065,10
1000000,50,10,1,1,4096,uniform,6c0aa72d,10
1000000,50,10,1,1,4096,zipf,784666ca,10
1000000,50,10,1,1,8192,uniform,427a7701,10
1000000,50,10,1,1,8192,zipf,3bcf5d68,10
1000000,50,10,1,1,16384,uniform,7a98d2f0,10
1000000,50,10,1,1,16384,zipf,6a20de7b,10
1000000,50,10,1,1,24576,uniform,ba396f9e,10
1000000,50,10,1,1,24576,zipf,725e0e45,10
1000000,50,10,1,1,32768,uniform,cb527650,10
1000000,50,10,1,1,32768,zipf,7ed37544,10
1000000,50,10,1,1,65536,uniform,7031a746,10
1000000,50,10,1,1,65536,zipf,a43fe468,10
1000000,50,10,1,1,131072,uniform,5daf57c7,10
1000000,50,10,1,1,131072,zipf,e20f8d64,10
1000000,50,10,1,5,8,uniform,22c0076c,50
1000000,50,10,1,5,8,zipf,a64a277b,50
1000000,50,10,1,5,128,uniform,c9770bc5,50
1000000,50,10,1,5,128,zipf,d97a623d,50
1000000,50,10,1,5,512,uniform,14354a6e,50
1000000,50,10,1,5,512,zipf,211ccdb5,50
1000000,50,10,1,5,2048,uniform,7de476e3,50
1000000,50,10,1,5,2048,zipf,feb0d141,50
1000000,50,10,1,5,4096,uniform,497113a0,50
1000000,50,10,1,5,4096,zipf,3281e693,50
1000000,50,10,1,5,8192,uniform,2e517c65,50
1000000,50,10,1,5,8192,zipf,e5eaf69b,50
1000000,50,10,1,5,16384,uniform,e82b2fc7,50
1000000,50,10,1,5,16384,zipf,af4d5861,50
1000000,50,10,1,5,24576,uniform,2356bd43,50
1000000,50,10,1,5,24576,zipf,ff109f0f,50
1000000,50,10,1,5,32768,uniform,5f2f2247,50
1000000,50,10,1,5,32768,zipf,df715167,50
1000000,50,10,1,5,65536,uniform,6b005a68,50
1000000,50,10,1,5,65536,zipf,2422759f,50
1000000,50,10,1,5,131072,uniform,d09314ae,50
1000000,50,10,1,5,131072,zipf,c9950df9,50
1000000,50,10,1,20,8,uniform,0f787780,200
1000000,50,10,1,20,8,zipf,f7245875,200
1000000,50,10,1,20,128,uniform,b80823c1,200
1000000,50,10,1,20,128,zipf,99083ecb,200
1000000,50,10,1,20,512,uniform,427c94fb,200
1000000,50,10,1,20,512,zipf,94828372,200
1000000,50,10,1,20,2048,uniform,592167d9,200
1000000,50,10,1,20,2048,zipf,9fee3e35,200
1000000,50,10,1,20,4096,uniform,205ae273,200
1000000,50,10,1,20,4096,zipf,e100b4e1,200
1000000,50,10,1,20,8192,uniform,5c0aeeff,200
1000000,50,10,1,20,8192,zipf,5b4d456c,200
1000000,50,10,1,20,16384,uniform,d5d48544,200
1000000,50,10,1,20,16384,zipf,4199dc74,200
1000000,50,10,1,20,24576,uniform,92427ba1,200
1000000,50,10,1,20,24576,zipf,0da85e22,200
1000000,50,10,1,20,32768,uniform,b3cf3710,200
1000000,50,10,1,20,32768,zipf,0de2a0bc,200
1000000,50,10,1,20,65536,uniform,06d1ae64,200
1000000,50,10,1,20,65536,zipf,d3164011,200
1000000,50,10,1,20,131072,uniform,9d002335,200
1000000,50,10,1,20,131072,zipf,251577fa,200
1000000,50,10,5,1,8,uniform,74736c85,50
1000000,50,10,5,1,8,zipf,d550b746,50
1000000,50,10,5,1,128,uniform,b30a6d70,50
1000000,50,10,5,1,128,zipf,7d23847e,50
1000000,50,10,5,1,512,uniform,8948f22f,50
1000000,50,10,5,1,512,zipf,b03df6d4,50
1000000,50,10,5,1,2048,uniform,90ac0721,50
1000000,50,10,5,1,2048,zipf,ae910e1b,50
1000000,50,10,5,1,4096,uniform,257fc5fb,50
1000000,50,10,5,1,4096,zipf,d2f53445,50
1000000,50,10,5,1,8192,uniform,08af6bfb,50
1000000,50,10,5,1,8192,zipf,56de5e12,50
1000000,50,10,5,1,16384,uniform,6df74cff,50
1000000,50,10,5,1,16384,zipf,cb4923fb,50
1000000,50,10,5,1,24576,uniform,23dcabd9,50
1000000,50,10,5,1,24576,zipf,a96533f5,50
1000000,50,10,5,1,32768,uniform,fb2a7a54,50
1000000,50,10,5,1,32768,zipf,ccd2662e,50
1000000,50,10,5,1,65536,uniform,f4f4a3be,50
1000000,50,10,5,1,65536,zipf,251e79f4,50
1000000,50,10,5,1,131072,uniform,f40a864c,50
1000000,50,10,5,1,131072,zipf,54e30ff0,50
1000000,50,10,5,5,8,uniform,84de9178,250
1000000,50,10,5,5,8,zipf,05690a9c,250
1000000,50,10,5,5,128,uniform,0f1893d5,250
1000000,50,10,5,5,128,zipf,2e0674bd,250
1000000,50,10,5,5,512,uniform,2a3642f9,250
1000000,50,10,5,5,512,zipf,b1c78317,250
1000000,50,10,5,5,2048,uniform,419f31c2,250
1000000,50,10,5,5,2048,zipf,bb0d8b99,250
1000000,50,10,5,5,4096,uniform,c70376ab,250
1000000,50,10,5,5,4096,zipf,df28972b,250
1000000,50,10,5,5,8192,uniform,a9c17331,250
1000000,50,10,5,5,8192,zipf,479ce8a7,250
1000000,50,10,5,5,16384,uniform,10b5ef54,250
1000000,50,10,5,5,16384,zipf,0b32f6e4,250
1000000,50,10,5,5,24576,uniform,6ad37b86,250
1000000,50,10,5,5,24576,zipf,c325b14c,250
1000000,50,10,5,5,32768,uniform,8a3f806e,250
1000000,50,10,5,5,32768,zipf,3705b2cf,250
1000000,50,10,5,5,65536,uniform,2f3e8c8c,250
1000000,50,10,5,5,65536,zipf,56820dfa,250
1000000,50,10,5,5,131072,uniform,9d693beb,250
1000000,50,10,5,5,131072,zipf,98473d3d,250
1000000,50,10,5,20,8,uniform,d210efd6,1000
1000000,50,10,5,20,8,zipf,9c0fd3e5,1000
1000000,50,10,5,20,128,uniform,bd10f49b,1000
1000000,50,10,5,20,128,zipf,c0a2507b,1000
1000000,50,10,5,20,512,uniform,60a1b339,1000
1000000,50,10,5,20,512,zipf,ab7d5642,1000
1000000,50,10,5,20,2048,uniform,c9b8ae96,1000
1000000,50,10,5,20,2048,zipf,20411b22,1000
1000000,50,10,5,20,4096,uniform,79853150,1000
1000000,50,10,5,20,4096,zipf,71c56834,1000
1000000,50,10,5,20,8192,uniform,4f033e2e,1000
1000000,50,10,5,20,8192,zipf,32f653af,1000
1000000,50,10,5,20,16384,uniform,15f285d2,1000
1000000,50,10,5,20,16384,zipf,824422ea,1000
1000000,50,10,5,20,24576,uniform,e1abeed1,1000
1000000,50,10,5,20,24576,zipf,21c0ccb0,1000
1000000,50,10,5,20,32768,uniform,aa60931a,1000
1000000,50,10,5,20,32768,zipf,7e3fe3f4,1000
1000000,50,10,5,20,65536,uniform,09946675,1000
1000000,50,10,5,20,65536,zipf,ac3896ed,1000
1000000,50,10,5,20,131072,uniform,1c04acd7,1000
1000000,50,10,5,20,131072,zipf,ae4b3ec8,1000
1000000,50,100,1,1,8,uniform,58bb5627,100
1000000,50,100,1,1,8,zipf,6231ff35,100
1000000,50,100,1,1,128,uniform,6921e66b,100
1000000,50,100,1,1,128,zipf,a9b92013,100
1000000,50,100,1,1,512,uniform,f02beec6,100
1000000,50,100,1,1,512,zipf,a123e5c7,100
1000000,50,100,1,1,2048,uniform,9a14e11b,100
1000000,50,100,1,1,2048,zipf,9b1139f5,100
1000000,50,100,1,1,4096,uniform,c305ea6f,100
1000000,50,100,1,1,4096,zipf,4d073e0a,100
1000000,50,100,1,1,8192,uniform,a5473e13,100
1000000,50,100,1,1,8192,zipf,8ec624f1,100
1000000,50,100,1,1,16384,uniform,0887a31f,100
1000000,50,100,1,1,16384,zipf,a00f9131,100
1000000,50,100,1,1,24576,uniform,d24c819f,100
1000000,50,100,1,1,24576,zipf,28656f66,100
1000000,50,100,1,1,32768,uniform,a7efa441,100
1000000,50,100,1,1,32768,zipf,5239cda0,100
1000000,50,100,1,1,65536,uniform,4409f312,100
1000000,50,100,1,1,65536,zipf,270120ed,100
1000000,50,100,1,1,131072,uniform,8da3519b,100
1000000,50,100,1,1,131072,zipf,27f6bfc6,100
1000000,50,100,1,5,8,uniform,8910d7ca,500
1000000,50,100,1,5,8,zipf,f0118325,500
1000000,50,100,1,5,128,uniform,8ebbf526,500
1000000,50,100,1,5,128,zipf,97027cb1,500
1000000,50,100,1,5,512,uniform,a3eb89ca,500
1000000,50,100,1,5,512,zipf,f4625ee1,500
1000000,50,100,1,5,2048,uniform,1ff15444,500
1000000,50,100,1,5,2048,zipf,b946fcd0,500
1000000,50,100,1,5,4096,uniform,c35fd2c9,500
1000000,50,100,1,5,4096,zipf,b2f29846,500
1000000,50,100,1,5,8192,uniform,ea852b1f,500
1000000,50,100,1,5,8192,zipf,2041fd4a,500
1000000,50,100,1,5,16384,uniform,639fb1e6,500
1000000,50,100,1,5,16384,zipf,38fe1fe2,500
1000000,50,100,1,5,24576,uniform,30639133,500
1000000,50,100,1,5,24576,zipf,ddcbe0fd,500
1000000,50,100,1,5,32768,uniform,65758b1f,500
1000000,50,100,1,5,32768,zipf,7f988ddb,500
1000000,50,100,1,5,65536,uniform,1bb0d858,500
1000000,50,100,1,5,65536,zipf,8f80f8c0,500
1000000,50,100,1,5,131072,uniform,17433bf8,500
1000000,50,100,1,5,131072,zipf,6d7c4875,500
1000000,50,100,1,20,8,uniform,65e9e20f,2000
1000000,50,100,1,20,8,zipf,2e0ffa9e,2000
1000000,50,100,1,20,128,uniform,cb81f52b,2000
1000000,50,100,1,20,128,zipf,a4a07b29,2000
1000000,50,100,1,20,512,uniform,eeb7336d,2000
1000000,50,100,1,20,512,zipf,8f573a6c,2000
1000000,50,100,1,20,2048,uniform,064ac2b8,2000
1000000,50,100,1,20,2048,zipf,3cd2db3a,2000
1000000,50,100,1,20,4096,uniform,7713cd17,2000
1000000,50,100,1,20,4096,zipf,1777d238,2000
1000000,50,100,1,20,8192,uniform,fd1ee34a,2000
1000000,50,100,1,20,8192,zipf,98b5d502,2000
1000000,50,100,1,20,16384,uniform,04dfc7d6,2000
1000000,50,100,1,20,16384,zipf,37f4e3e8,2000
1000000,50,100,1,20,24576,uniform,38ce82ec,2000
1000000,50,100,1,20,24576,zipf,8948f738,2000
1000000,50,100,1,20,32768,uniform,acaadc6b,2000
1000000,50,100,1,20,32768,zipf,61a64632,2000
1000000,50,100,1,20,65536,uniform,6882fe6a,2000
1000000,50,100,1,20,65536,zipf,1e222b6b,2000
1000000,50,100,1,20,131072,uniform,a46ebd09,2000
1000000,50,100,1,20,131072,zipf,75a636bf,2000
1000000,50,100,5,1,8,uniform,5eade589,500
1000000,50,100,5,1,8,zipf,8e8fd691,500
1000000,50,100,5,1,128,uniform,deabe3a7,500
1000000,50,100,5,1,128,zipf,93ba19d0,500
1000000,50,100,5,1,512,uniform,64e9398a,500
1000000,50,100,5,1,512,zipf,b0aa0a7c,500
1000000,50,100,5,1,2048,uniform,dcd01526,500
1000000,50,100,5,1,2048,zipf,f92eb2c2,500
1000000,50,100,5,1,4096,uniform,063f5528,500
1000000,50,100,5,1,4096,zipf,b3cf1ee1,500
1000000,50,100,5,1,8192,uniform,71685003,500
1000000,50,100,5,1,8192,zipf,6b38a550,500
1000000,50,100,5,1,16384,uniform,03ecda12,500
1000000,50,100,5,1,16384,zipf,5614d3bc,500
1000000,50,100,5,1,24576,uniform,7aeeedba,500
1000000,50,100,5,1,24576,zipf,6ad3f23d,500
1000000,50,100,5,1,32768,uniform,e2f2ced2,500
1000000,50,100,5,1,32768,zipf,207fa8d9,500
1000000,50,100,5,1,65536,uniform,b15ffa3c,500
1000000,50,100,5,1,65536,zipf,8d42183a,500
1000000,50,100,5,1,131072,uniform,1ce0e2cf,500
1000000,50,100,5,1,131072,zipf,7cf510c5,500
1000000,50,100,5,5,8,uniform,6bb651b4,2500
1000000,50,100,5,5,8,zipf,8b4aa7e5,2500
1000000,50,100,5,5,128,uniform,8478251c,2500
1000000,50,100,5,5,128,zipf,a98be1d8,2500
1000000,50,100,5,5,512,uniform,c8449112,2500
1000000,50,100,5,5,512,zipf,f0a6d69d,2500
1000000,50,100,5,5,2048,uniform,bf23d96f,2500
1000000,50,100,5,5,2048,zipf,0e26d63e,2500
1000000,50,100,5,5,4096,uniform,832e93f9,2500
1000000,50,100,5,5,4096,zipf,be4abbb2,2500
1000000,50,100,5,5,8192,uniform,0d6c7670,2500
1000000,50,100,5,5,8192,zipf,f99046a3,2500
1000000,50,100,5,5,16384,uniform,7d3d8cc7,2500
1000000,50,100,5,5,16384,zipf,d4660417,2500
1000000,50,100,5,5,24576,uniform,a8cd3e4d,2500
1000000,50,100,5,5,24576,zipf,6524b4dd,2500
1000000,50,100,5,5,32768,uniform,18a93871,2500
1000000,50,100,5,5,32768,zipf,e59f4f63,2500
1000000,50,100,5,5,65536,uniform,810f310c,2500
1000000,50,100,5,5,65536,zipf,1685d02a,2500
1000000,50,100,5,5,131072,uniform,37ac3356,2500
1000000,50,100,5,5,131072,zipf,262490af,2500
1000000,50,100,5,20,8,uniform,129db78f,10000
1000000,50,100,5,20,8,zipf,1dac3106,10000
1000000,50,100,5,20,128,uniform,4595d19c,10000
1000000,50,100,5,20,128,zipf,d32730d3,10000
1000000,50,100,5,20,512,uniform,15e0bb48,10000
1000000,50,100,5,20,512,zipf,4d91dc71,10000
1000000,50,100,5,20,2048,uniform,fd019961,10000
1000000,50,100,5,20,2048,zipf,06fff791,10000
1000000,50,100,5,20,4096,uniform,e31b2a9b,10000
1000000,50,100,5,20,4096,zipf,aecf3a07,10000
1000000,50,100,5,20,8192,uniform,50410491,10000
1000000,50,100,5,20,8192,zipf,2342866f,10000
1000000,50,100,5,20,16384,uniform,93711951,10000
1000000,50,100,5,20,16384,zipf,66d28080,10000
1000000,50,100,5,20,24576,uniform,11e1298e,10000
1000000,50,100,5,20,24576,zipf,9707b7c5,10000
1000000,50,100,5,20,32768,uniform,8b3891e5,10000
1000000,50,100,5,20,32768,zipf,5b8f1613,10000
1000000,50,100,5,20,65536,uniform,ee16a9cf,10000
1000000,50,100,5,20,65536,zipf,3c9abf3f,10000
1000000,50,100,5,20,131072,uniform,6d59811c,10000
1000000,50,100,5,20,131072,zipf,e152ee74,10000
