config_id,tpch_table,num_rows,num_columns,num_partitions,file_size_target_kb,num_write_batches,num_writers,iceberg_table_name
981bf13a,lineitem,10000000,16,3,512,1,1,tpch_lineitem_981bf13a
35642169,lineitem,10000000,16,3,512,1,3,tpch_lineitem_35642169
3f8b240f,lineitem,10000000,16,3,512,5,1,tpch_lineitem_3f8b240f
d685b506,lineitem,10000000,16,3,512,5,3,tpch_lineitem_d685b506
bedf55b6,lineitem,10000000,16,3,4096,1,1,tpch_lineitem_bedf55b6
9a4d06e0,lineitem,10000000,16,3,4096,1,3,tpch_lineitem_9a4d06e0
6d4557f8,lineitem,10000000,16,3,4096,5,1,tpch_lineitem_6d4557f8
1f59401c,lineitem,10000000,16,3,4096,5,3,tpch_lineitem_1f59401c
20c8c4e9,lineitem,10000000,16,3,32768,1,1,tpch_lineitem_20c8c4e9
eb599c92,lineitem,10000000,16,3,32768,1,3,tpch_lineitem_eb599c92
15f4fa89,lineitem,10000000,16,3,32768,5,1,tpch_lineitem_15f4fa89
fa9f4731,lineitem,10000000,16,3,32768,5,3,tpch_lineitem_fa9f4731
746f12d7,lineitem,10000000,16,3,131072,1,1,tpch_lineitem_746f12d7
7d581904,lineitem,10000000,16,3,131072,1,3,tpch_lineitem_7d581904
a70358da,lineitem,10000000,16,3,131072,5,1,tpch_lineitem_a70358da
e76e6f3f,lineitem,10000000,16,3,131072,5,3,tpch_lineitem_e76e6f3f
c260faf6,orders,6000000,9,3,512,1,1,tpch_orders_c260faf6
cb11ee3b,orders,6000000,9,3,512,1,3,tpch_orders_cb11ee3b
96f77090,orders,6000000,9,3,512,5,1,tpch_orders_96f77090
666fc727,orders,6000000,9,3,512,5,3,tpch_orders_666fc727
186549bb,orders,6000000,9,3,4096,1,1,tpch_orders_186549bb
8580613f,orders,6000000,9,3,4096,1,3,tpch_orders_8580613f
6eb2326b,orders,6000000,9,3,4096,5,1,tpch_orders_6eb2326b
ac01797a,orders,6000000,9,3,4096,5,3,tpch_orders_ac01797a
7c4459b7,orders,6000000,9,3,32768,1,1,tpch_orders_7c4459b7
02ec7311,orders,6000000,9,3,32768,1,3,tpch_orders_02ec7311
4a7c6f0d,orders,6000000,9,3,32768,5,1,tpch_orders_4a7c6f0d
29cf1100,orders,6000000,9,3,32768,5,3,tpch_orders_29cf1100
54dfdc85,orders,6000000,9,3,131072,1,1,tpch_orders_54dfdc85
0c807c53,orders,6000000,9,3,131072,1,3,tpch_orders_0c807c53
7d414105,orders,6000000,9,3,131072,5,1,tpch_orders_7d414105
188cf4f7,orders,6000000,9,3,131072,5,3,tpch_orders_188cf4f7
9789a23e,customer,3000000,8,1,512,1,1,tpch_customer_9789a23e
28b5000c,customer,3000000,8,1,512,1,3,tpch_customer_28b5000c
7972ff70,customer,3000000,8,1,512,5,1,tpch_customer_7972ff70
24e7c506,customer,3000000,8,1,512,5,3,tpch_customer_24e7c506
7f6eabf3,customer,3000000,8,1,4096,1,1,tpch_customer_7f6eabf3
730ec115,customer,3000000,8,1,4096,1,3,tpch_customer_730ec115
2b28a044,customer,3000000,8,1,4096,5,1,tpch_customer_2b28a044
0c48aa87,customer,3000000,8,1,4096,5,3,tpch_customer_0c48aa87
81494835,customer,3000000,8,1,32768,1,1,tpch_customer_81494835
de91049b,customer,3000000,8,1,32768,1,3,tpch_customer_de91049b
74babd6a,customer,3000000,8,1,32768,5,1,tpch_customer_74babd6a
2e9be737,customer,3000000,8,1,32768,5,3,tpch_customer_2e9be737
7b0e666d,customer,3000000,8,1,131072,1,1,tpch_customer_7b0e666d
3868c93e,customer,3000000,8,1,131072,1,3,tpch_customer_3868c93e
24bad572,customer,3000000,8,1,131072,5,1,tpch_customer_24bad572
a0ee7607,customer,3000000,8,1,131072,5,3,tpch_customer_a0ee7607
309909d6,part,5000000,9,1,512,1,1,tpch_part_309909d6
263ec603,part,5000000,9,1,512,1,3,tpch_part_263ec603
cf6b2ecc,part,5000000,9,1,512,5,1,tpch_part_cf6b2ecc
c87476d3,part,5000000,9,1,512,5,3,tpch_part_c87476d3
be1f6e8b,part,5000000,9,1,4096,1,1,tpch_part_be1f6e8b
9e7dceba,part,5000000,9,1,4096,1,3,tpch_part_9e7dceba
10450795,part,5000000,9,1,4096,5,1,tpch_part_10450795
228b3258,part,5000000,9,1,4096,5,3,tpch_part_228b3258
35c788d8,part,5000000,9,1,32768,1,1,tpch_part_35c788d8
f2a3b631,part,5000000,9,1,32768,1,3,tpch_part_f2a3b631
934a46db,part,5000000,9,1,32768,5,1,tpch_part_934a46db
66c8b2a2,part,5000000,9,1,32768,5,3,tpch_part_66c8b2a2
67defa58,part,5000000,9,1,131072,1,1,tpch_part_67defa58
18b8e653,part,5000000,9,1,131072,1,3,tpch_part_18b8e653
cbb7506d,part,5000000,9,1,131072,5,1,tpch_part_cbb7506d
33a70807,part,5000000,9,1,131072,5,3,tpch_part_33a70807
24e2299c,partsupp,5000000,5,1,512,1,1,tpch_partsupp_24e2299c
04138b08,partsupp,5000000,5,1,512,1,3,tpch_partsupp_04138b08
2ead69bc,partsupp,5000000,5,1,512,5,1,tpch_partsupp_2ead69bc
a8c6f1e2,partsupp,5000000,5,1,512,5,3,tpch_partsupp_a8c6f1e2
a4282b25,partsupp,5000000,5,1,4096,1,1,tpch_partsupp_a4282b25
6b494a8f,partsupp,5000000,5,1,4096,1,3,tpch_partsupp_6b494a8f
91406ec5,partsupp,5000000,5,1,4096,5,1,tpch_partsupp_91406ec5
749f0bbd,partsupp,5000000,5,1,4096,5,3,tpch_partsupp_749f0bbd
50c6b089,partsupp,5000000,5,1,32768,1,1,tpch_partsupp_50c6b089
566ee009,partsupp,5000000,5,1,32768,1,3,tpch_partsupp_566ee009
2222138a,partsupp,5000000,5,1,32768,5,1,tpch_partsupp_2222138a
c2939227,partsupp,5000000,5,1,32768,5,3,tpch_partsupp_c2939227
ee8709a5,partsupp,5000000,5,1,131072,1,1,tpch_partsupp_ee8709a5
81caab09,partsupp,5000000,5,1,131072,1,3,tpch_partsupp_81caab09
06f43ac5,partsupp,5000000,5,1,131072,5,1,tpch_partsupp_06f43ac5
f1ce3a23,partsupp,5000000,5,1,131072,5,3,tpch_partsupp_f1ce3a23
994fd898,supplier,300000,7,1,512,1,1,tpch_supplier_994fd898
4cff645e,supplier,300000,7,1,512,1,3,tpch_supplier_4cff645e
452a1f1c,supplier,300000,7,1,512,5,1,tpch_supplier_452a1f1c
effa1571,supplier,300000,7,1,512,5,3,tpch_supplier_effa1571
07dd5599,supplier,300000,7,1,4096,1,1,tpch_supplier_07dd5599
f78bc506,supplier,300000,7,1,4096,1,3,tpch_supplier_f78bc506
845095f0,supplier,300000,7,1,4096,5,1,tpch_supplier_845095f0
cc0341bd,supplier,300000,7,1,4096,5,3,tpch_supplier_cc0341bd
771bef73,supplier,300000,7,1,32768,1,1,tpch_supplier_771bef73
e28f4372,supplier,300000,7,1,32768,1,3,tpch_supplier_e28f4372
f0dbb6f6,supplier,300000,7,1,32768,5,1,tpch_supplier_f0dbb6f6
35da8faf,supplier,300000,7,1,32768,5,3,tpch_supplier_35da8faf
9f268fa6,supplier,300000,7,1,131072,1,1,tpch_supplier_9f268fa6
ab8baf4b,supplier,300000,7,1,131072,1,3,tpch_supplier_ab8baf4b
8a47f1d4,supplier,300000,7,1,131072,5,1,tpch_supplier_8a47f1d4
822572c8,supplier,300000,7,1,131072,5,3,tpch_supplier_822572c8
